0,/mobilni-komentari/0jy/OnePlus/12R-16GB-256GB-2x-SIM
1,/mobilni-komentari/9836/Samsung/Galaxy-A33-5G-8GB
2,/mobilni-komentari/nfd/Google/Pixel-10-Pro-XL-16GB-512GB-1x-SIM-1x-eSIM
3,/mobilni-komentari/8422/Oppo/Find-X3-Pro-12GB
4,/mobilni-komentari/yly/Xiaomi/Redmi-Note-13-Pro+-12GB
5,/mobilni-komentari/mr1/Xiaomi/Redmi-Note-14-5G-(China)-6GB-128GB-2x-SIM
6,/mobilni-komentari/dts26/Xiaomi/Redmi-A1
7,/mobilni-komentari/j2s/Realme/C75-5G-6GB-128GB-2x-SIM
8,/mobilni-komentari/68hyk/Google/Pixel-7
9,/mobilni-komentari/c9v/Poco/C65-8GB-256GB
10,/mobilni-komentari/9647/Samsung/Galaxy-S22+-5G-256GB
11,/mobilni-komentari/dqt/Xiaomi/Redmi-Note-13-Pro-4G-8GB-256GB-2x-SIM
12,/mobilni-komentari/cx6/Xiaomi/Redmi-15-5G-4GB-128GB-2x-SIM
13,/mobilni-komentari/x96ct/Oukitel/WP18
14,/mobilni-komentari/9442/Xiaomi/Redmi-Note-11-4GB-128GB-2x-SIM
15,/mobilni-komentari/9794/Samsung/Galaxy-M23
16,/mobilni-komentari/y5g/Samsung/Galaxy-A24-4G-8GB-128GB-2x-SIM
17,/mobilni-komentari/tvk/Apple/iPhone-16-Plus-8GB-512GB-1x-SIM-1x-eSIM
18,/mobilni-komentari/csq/Samsung/Galaxy-A35-6GB-128GB-1x-SIM-1x-eSIM
19,/mobilni-komentari/mhf/Xiaomi/17-Ultra-16GB-512GB-2x-SIM
20,/mobilni-komentari/lby/Google/Pixel-8-Pro-512GB
21,/mobilni-komentari/wdh/ZTE/Blade-V50-Design-4G-8GB-256GB-2x-SIM
22,/mobilni-komentari/px0/Honor/X6c-6GB-128GB-2x-SIM
23,/mobilni-komentari/07ab2/Meizu/M6-Note-16GB
24,/mobilni-komentari/t93/Xiaomi/14T-12GB-256GB-2x-SIM
25,/mobilni-komentari/h22dt/Samsung/Galaxy-A04s-4GB-128GB
26,/mobilni-komentari/z85/Samsung/Galaxy-M55-8GB-256GB-2x-SIM
27,/mobilni-komentari/m7p/Poco/X6-12GB-256GB-2x-SIM
28,/mobilni-komentari/16d/Apple/iPhone-15-Pro-Max-8GB-256GB-2x-SIM
29,/mobilni-komentari/wg4/Google/Pixel-10-Pro-Fold-16GB-256GB-1x-SIM-1x-eSIM
30,/mobilni-komentari/y4g8s/OnePlus/10T-16GB-256GB
31,/mobilni-komentari/2y6/Poco/F5-Pro-12GB-512GB
32,/mobilni-komentari/c37/Samsung/Galaxy-S23+-Dual-SIM
33,/mobilni-komentari/ddg/Samsung/Galaxy-Z-Fold6-12GB-512GB-2x-SIM
34,/mobilni-komentari/ypq/Google/Pixel-9-12GB-128GB-1x-SIM-1x-eSIM
35,/mobilni-komentari/db3/ZTE/Blade-V70-Max-6GB-128GB-2x-SIM
36,/mobilni-komentari/nrbx7/Xiaomi/Redmi-Note-10-Pro-8GB-256GB
37,/mobilni-komentari/lgn/Honor/90-8GB-256GB-1x-SIM-1x-eSIM
38,/mobilni-komentari/lf0/Samsung/Galaxy-M55-8GB-128GB-2x-SIM
39,/mobilni-komentari/9816/Xiaomi/Redmi-Note-11-Pro+-5G-(India)-8GB-256GB
40,/mobilni-komentari/8h6/Samsung/Galaxy-A06-5G-6GB-128GB-2x-SIM
41,/mobilni-komentari/6105/Meizu/M6-Note-64GB
42,/mobilni-komentari/68h/Ulefone/Armor-33-Pro-16GB-512GB-2x-SIM
43,/mobilni-komentari/c5bqw/Google/Pixel-7-256GB
44,/mobilni-komentari/44nql/Apple/iPhone-14
45,/mobilni-komentari/8248/Samsung/Galaxy-A32-5G
46,/mobilni-komentari/ky5/Google/Pixel-10a-8GB-256GB-1x-SIM-1x-eSIM
47,/mobilni-komentari/pwjx5/Apple/iPhone-14-Pro-Max-1TB
48,/mobilni-komentari/j2fcm/Huawei/nova-10-Pro-256GB
49,/mobilni-komentari/82w5w/Xiaomi/Redmi-Note-11T-Pro-8GB-256GB
50,/mobilni-komentari/9ltlk/Ulefone/Power-Armor-18
51,/mobilni-komentari/24h/Cat/S75-Dual-SIM
52,/mobilni-komentari/ngw/Ulefone/Power-Armor-19T
53,/mobilni-komentari/jbj/Apple/iPhone-16-8GB-512GB-1x-SIM-1x-eSIM
54,/mobilni-komentari/pnr/Google/Pixel-10-Pro-16GB-128GB-1x-SIM-1x-eSIM
55,/mobilni-komentari/sy2/Apple/iPhone-16-Pro-8GB-128GB-1x-SIM-1x-eSIM
56,/mobilni-komentari/09aba/Meizu/Metal-16GB
57,/mobilni-komentari/bfc/Xiaomi/14T-Pro-12GB-512GB-1x-SIM-1x-eSIM
58,/mobilni-komentari/3lc/Samsung/Galaxy-A57-12GB-256GB-2x-SIM-2x-eSIM
59,/mobilni-komentari/9625/Wiko/Y82
60,/mobilni-komentari/wjl/Xiaomi/Redmi-Note-14-Pro-5G-12GB-256GB-1x-SIM-1x-eSIM
61,/mobilni-komentari/tnn/Xiaomi/14T-12GB-512GB-1x-SIM-1x-eSIM
62,/mobilni-komentari/y8v/Xiaomi/14-Ultra-12GB-256GB-2x-SIM
63,/mobilni-komentari/9214/Google/Pixel-5a-5G
64,/mobilni-komentari/3t95v/Asus/ROG-Phone-6-16GB-512GB
65,/mobilni-komentari/9293/Xiaomi/11T-Pro
66,/mobilni-komentari/9nbdt/Apple/iPhone-13-Red
67,/mobilni-komentari/d8r7f/Xiaomi/Redmi-Note-12-Pro+
68,/mobilni-komentari/8g3/Xiaomi/17-Pro-Max-16GB-1TB-2x-SIM
69,/mobilni-komentari/h6v/Samsung/Galaxy-Z-Fold5-1TB-2x-SIM-1x-eSIM
70,/mobilni-komentari/b31/Samsung/Galaxy-A16-6GB-128GB-1x-SIM
71,/mobilni-komentari/8489/Xiaomi/Mi-11-Lite-6GB-128GB
72,/mobilni-komentari/jdq/Google/Pixel-9a-8GB-128GB-1x-SIM-1x-eSIM
73,/mobilni-komentari/q9y/Xiaomi/17-Ultra-16GB-512GB-2x-SIM-2x-eSIM
74,/mobilni-komentari/93c/Samsung/Galaxy-S23-Ultra-12GB-512GB-Dual-SIM
75,/mobilni-komentari/34pn3/Honor/X7a
76,/mobilni-komentari/cfv/Motorola/Edge-50-Neo-8GB-256GB-2x-SIM
77,/mobilni-komentari/q6y/Xiaomi/Redmi-15C-5G-4GB-128GB-2x-SIM
78,/mobilni-komentari/hy4/Samsung/Galaxy-A36-12GB-256GB-2x-SIM-2x-eSIM
79,/mobilni-komentari/10z/Samsung/Galaxy-A56-8GB-128GB-2x-SIM-2x-eSIM
80,/mobilni-komentari/wl1/Honor/X6c-6GB-256GB-2x-SIM
81,/mobilni-komentari/9620/Xiaomi/Redmi-Note-11S-4G-128GB
82,/mobilni-komentari/9936/Google/Pixel-6a
83,/mobilni-komentari/5745/Xiaomi/Mi-Mix-256GB
84,/mobilni-komentari/z20/Xiaomi/Redmi-Note-13-4G-8GB-256GB-2x-SIM
85,/mobilni-komentari/9795/Samsung/Galaxy-M23-Dual-SIM
86,/mobilni-komentari/dgc0b/Asus/ROG-Phone-6-12GB-256GB
87,/mobilni-komentari/3h0/Samsung/Galaxy-Z-Flip5-512GB
88,/mobilni-komentari/tgy/Poco/F8-Pro-12GB-256GB-2x-SIM-1x-eSIM
89,/mobilni-komentari/fq8/Oukitel/C19-pro
90,/mobilni-komentari/ct3/Motorola/Moto-G14
91,/mobilni-komentari/gc90z/Google/Pixel-7-Pro-256GB
92,/mobilni-komentari/6c6/Xiaomi/Redmi-Note-13-5G-6GB-128GB-2x-SIM
93,/mobilni-komentari/8460/Xiaomi/Black-Shark-4
94,/mobilni-komentari/q5v/Honor/X8b
95,/mobilni-komentari/j3h/Xiaomi/Redmi-Note-15-4G-8GB-256GB-2x-SIM
96,/mobilni-komentari/cydyl/Xiaomi/Redmi-Note-11-Pro-4G-4GB-64GB-2x-SIM
97,/mobilni-komentari/9ln/Xiaomi/14T-12GB-256GB-1x-SIM-1x-eSIM
98,/mobilni-komentari/9sz6d/Apple/iPhone-13-256GB-Red
99,/mobilni-komentari/57d/Poco/F6-Pro-12GB-256GB-2x-SIM
100,/mobilni-komentari/0wl/Motorola/Razr-40-Ultra-12GB-512GB
101,/mobilni-komentari/gjq/OnePlus/Nord-5-8GB-256GB-2x-SIM
102,/mobilni-komentari/9883/Xiaomi/Redmi-Note-11S-5G-6GB-128GB
103,/mobilni-komentari/jdp/OnePlus/Nord-3
104,/mobilni-komentari/1q9/Samsung/Galaxy-S26+-12GB-512GB-2x-SIM-2x-eSIM
105,/mobilni-komentari/4rx/ZTE/Blade-V40-Design
106,/mobilni-komentari/9876/Xiaomi/Redmi-10A-4GB-128GB
107,/mobilni-komentari/9569/Xiaomi/12-12GB-256GB
108,/mobilni-komentari/17g/Honor/Magic-V3-16GB-512GB-1x-SIM-1x-eSIM
109,/mobilni-komentari/7307/Cat/S52-Dual
110,/mobilni-komentari/j44/Motorola/Razr-40-256GB-2x-SIM
111,/mobilni-komentari/8033/Google/Pixel-4a-5G
112,/mobilni-komentari/pqt/Motorola/Moto-G24-Power-8GB-256GB-2x-SIM
113,/mobilni-komentari/nww/Apple/iPhone-Air-12GB-1TB-2x-eSIM
114,/mobilni-komentari/6771/Alcatel/1C-(2019)
115,/mobilni-komentari/9447/Xiaomi/Redmi-Note-11-Pro+-5G
116,/mobilni-komentari/sfg/Honor/X6c-8GB-256GB-2x-SIM
117,/mobilni-komentari/trd/Samsung/Galaxy-A34-8GB
118,/mobilni-komentari/7rf/Samsung/Galaxy-S24-FE-8GB-128GB-2x-SIM
119,/mobilni-komentari/jq4/Samsung/Galaxy-S25-Ultra-12GB-256GB-2x-SIM-2x-eSIM
120,/mobilni-komentari/8413/Xiaomi/Redmi-Note-10-5G-6GB-128GB
121,/mobilni-komentari/msr5j/Huawei/nova-10-Pro
122,/mobilni-komentari/9822/Poco/M4-Pro-128GB
123,/mobilni-komentari/7179/Apple/iPhone-11-64GB
124,/mobilni-komentari/3801/Nokia/208
125,/mobilni-komentari/xtr34/Samsung/Galaxy-Z-Flip4
126,/mobilni-komentari/48y/Realme/14-Pro-8GB-256GB-2x-SIM
127,/mobilni-komentari/9536/Panasonic/KX-TU446
128,/mobilni-komentari/2pwb7/Apple/iPhone-14-Plus-512GB
129,/mobilni-komentari/8nr/Xiaomi/15T-Pro-12GB-512GB-2x-SIM
130,/mobilni-komentari/9275/Apple/iPhone-13-Pro-1TB
131,/mobilni-komentari/svr/Honor/Magic7-Pro-12GB-512GB-1x-SIM-1x-eSIM
132,/mobilni-komentari/69f/Xiaomi/Redmi-Note-15-Pro-4G-8GB-256GB-2x-SIM
133,/mobilni-komentari/6802/MLS/MX-Pro
134,/mobilni-komentari/p6f/Xiaomi/Redmi-A5-4G-4GB-128GB-2x-SIM
135,/mobilni-komentari/9638/Samsung/Galaxy-S22-5G
136,/mobilni-komentari/r55/Samsung/Galaxy-S25-12GB-256GB-1x-SIM-2x-eSIM
137,/mobilni-komentari/f3p1q/Nokia/5710-XpressAudio
138,/mobilni-komentari/4vn/Poco/F5
139,/mobilni-komentari/s01pb/Oukitel/WP20
140,/mobilni-komentari/qf4/Honor/X7d-5G-6GB-128GB-2x-SIM
141,/mobilni-komentari/8409/Xiaomi/Redmi-Note-10S-128GB
142,/mobilni-komentari/8063/Apple/iPhone-12-mini-256GB
143,/mobilni-komentari/7695/Huawei/Y6p
144,/mobilni-komentari/8388/Xiaomi/Redmi-Note-10-Pro-Max-8GB-128GB
145,/mobilni-komentari/kl2/OnePlus/15R-12GB-256GB-2x-SIM
146,/mobilni-komentari/9515/ZTE/Blade-A31-Plus
147,/mobilni-komentari/7176/Apple/iPhone-11-Pro-64GB
148,/mobilni-komentari/2mh/Samsung/Galaxy-A54-8GB
149,/mobilni-komentari/hz8/Samsung/Galaxy-A14-Dual-SIM
150,/mobilni-komentari/6144/Apple/iPhone-8-64GB
151,/mobilni-komentari/6fv/Poco/F7-Ultra-16GB-512GB-2x-SIM
152,/mobilni-komentari/7q6/Apple/iPhone-17-Pro-12GB-1TB-1x-SIM-2x-eSIM
153,/mobilni-komentari/mk1/Motorola/Moto-G75-8GB-256GB-2x-SIM
154,/mobilni-komentari/9884/Xiaomi/Black-Shark-5
155,/mobilni-komentari/21s/Motorola/Moto-G55-8GB-128GB-2x-SIM
156,/mobilni-komentari/f0f/Samsung/Galaxy-A34-8GB-256GB
157,/mobilni-komentari/7yc/Nokia/105-2023-2x-SIM
158,/mobilni-komentari/vpb/Honor/Magic8-Pro-12GB-512GB-1x-SIM-1x-eSIM
159,/mobilni-komentari/knm/Samsung/Galaxy-A57-12GB-512GB-2x-SIM-2x-eSIM
160,/mobilni-komentari/z0t/Motorola/Edge-40-256GB
161,/mobilni-komentari/4jw/Samsung/Galaxy-A36-8GB-128GB-2x-SIM-2x-eSIM
162,/mobilni-komentari/0xk/Xiaomi/Redmi-Note-14-Pro-4G-12GB-512GB-2x-SIM
163,/mobilni-komentari/grz/Apple/iPhone-17-8GB-256GB-1x-SIM-2x-eSIM
164,/mobilni-komentari/6614/Apple/iPhone-XS-Max-512GB
165,/mobilni-komentari/l5q/Xiaomi/15T-12GB-512GB-2x-SIM-2x-eSIM
166,/mobilni-komentari/7838/Xiaomi/Redmi-9A
167,/mobilni-komentari/5ds/Samsung/Galaxy-S25-Ultra-16GB-1TB-2x-SIM-2x-eSIM
168,/mobilni-komentari/g3h/OnePlus/Nord-5-12GB-512GB-2x-SIM
169,/mobilni-komentari/m1t/Samsung/Galaxy-S24-FE-8GB-256GB-1x-SIM-1x-eSIM
170,/mobilni-komentari/byl/Xiaomi/Redmi-15C-4G-4GB-128GB-2x-SIM
171,/mobilni-komentari/xf0/Tecno/Spark-Go-2024-4GB
172,/mobilni-komentari/f2p/Samsung/Galaxy-S23-FE
173,/mobilni-komentari/f7t/Huawei/Mate-50-Pro-Dual-SIM
174,/mobilni-komentari/nhy/Sony/Xperia-10-VI-8GB-128GB-1x-SIM-1x-eSIM
175,/mobilni-komentari/9580/OnePlus/Nord-CE-2-5G-8GB
176,/mobilni-komentari/x91/Samsung/Galaxy-S24+-12GB-256GB-2x-SIM-1x-eSIM
177,/mobilni-komentari/9952/Samsung/Galaxy-M13
178,/mobilni-komentari/t58/Samsung/Galaxy-A37-6GB-128GB-1x-SIM-1x-eSIM
179,/mobilni-komentari/m0p/Poco/C65
180,/mobilni-komentari/9295/Xiaomi/11T-Pro-12GB-256GB
181,/mobilni-komentari/p0m/Samsung/Galaxy-S25-FE-8GB-128GB-1x-SIM-1x-eSIM
182,/mobilni-komentari/lf3/Honor/Magic6-Pro-12GB-512GB-2x-SIM
183,/mobilni-komentari/1cw/OnePlus/Nord-6-8GB-256GB-2x-SIM
184,/mobilni-komentari/7b795/Samsung/Galaxy-A14-5G-6GB-128GB
185,/mobilni-komentari/0rk/Apple/iPhone-17e-8GB-512GB-1x-SIM-2x-eSIM
186,/mobilni-komentari/vw7/HMD/Pulse+-6GB-128GB-1x-SIM
187,/mobilni-komentari/zsp/Google/Pixel-9-Pro-XL-16GB-512GB-1x-SIM-1x-eSIM
188,/mobilni-komentari/lmb/Honor/Magic-V5-12GB-256GB-2x-SIM
189,/mobilni-komentari/z2j/OnePlus/12R-8GB-128GB-2x-SIM
190,/mobilni-komentari/d8x/Poco/F6-8GB-256GB-2x-SIM
191,/mobilni-komentari/fyk/Xiaomi/15T-12GB-256GB-2x-SIM
192,/mobilni-komentari/0pg/Samsung/Galaxy-A06-5G-4GB-64GB-2x-SIM
193,/mobilni-komentari/js6/Apple/iPhone-15-6GB-128GB-2x-SIM
194,/mobilni-komentari/xl3/Oukitel/WP32-Pro-6GB-256GB-2x-SIM
195,/mobilni-komentari/9289/Xiaomi/11-Lite-5G-NE-8GB
196,/mobilni-komentari/9893/Realme/C31-4GB-64GB
197,/mobilni-komentari/8g9/ZTE/Blade-A31-Plus-2GB
198,/mobilni-komentari/ht0/Poco/F7-12GB-256GB-2x-SIM
199,/mobilni-komentari/9646/Samsung/Galaxy-S22+-5G
200,/mobilni-komentari/9283/Apple/iPhone-13-Pro-Max-1TB
201,/mobilni-komentari/9527/Xiaomi/Redmi-Note-11-4G
202,/mobilni-komentari/5523/Meizu/M3S-32GB
203,/mobilni-komentari/3p8/Panasonic/KX-TU160EXG
204,/mobilni-komentari/97t/OnePlus/Nord-N30-SE-4GB-128GB-2x-SIM
205,/mobilni-komentari/9927/Huawei/Mate-Xs-2
206,/mobilni-komentari/6wm/Realme/16-Pro+-12GB-512GB-2x-SIM-1x-eSIM
207,/mobilni-komentari/fkw/Xiaomi/Redmi-A7-Pro-4GB-128GB-2x-SIM
208,/mobilni-komentari/9789/Samsung/Galaxy-A13-4GB-64GB
209,/mobilni-komentari/3p3/Honor/400-Lite-12GB-256GB-2x-SIM
210,/mobilni-komentari/tflb9/Apple/iPhone-14-Pro-256GB-Dual-SIM
211,/mobilni-komentari/4c4/Ulefone/Armor-28-Ultra-Thermal-16GB-1TB-2x-SIM
212,/mobilni-komentari/vsn/Nokia/225-4G-2024-2x-SIM
213,/mobilni-komentari/6hl/Realme/GT-7T-12GB-256GB-2x-SIM
214,/mobilni-komentari/9890/Samsung/Galaxy-A23-128GB
215,/mobilni-komentari/8q4/Honor/Magic-V3-12GB-512GB-2x-SIM
216,/mobilni-komentari/5797/Meizu/Note-M5-64GB
217,/mobilni-komentari/yx4/Apple/iPhone-16-8GB-512GB-2x-SIM
218,/mobilni-komentari/9659/Samsung/Galaxy-S22-Ultra-5G-12GB-256GB-Dual-SIM
219,/mobilni-komentari/b13/Oukitel/G1-6GB-256GB-1x-SIM
220,/mobilni-komentari/8112/Huawei/Mate-40-Pro
221,/mobilni-komentari/32l/Poco/F5-Pro-12GB
222,/mobilni-komentari/y4t/Honor/Magic5-Lite-8GB-256GB
223,/mobilni-komentari/6dm/Samsung/Galaxy-A05-6GB-128GB-1x-SIM
224,/mobilni-komentari/tkz/Samsung/Galaxy-S26-Ultra-12GB-512GB-2x-SIM-2x-eSIM
225,/mobilni-komentari/j1q/Samsung/Galaxy-A37-8GB-256GB-2x-SIM-2x-eSIM
226,/mobilni-komentari/p12/Motorola/Moto-G54-12GB-256GB-1x-SIM-1x-eSIM
227,/mobilni-komentari/5c107/Xiaomi/Redmi-A1+
228,/mobilni-komentari/szz/Samsung/Galaxy-S23-Ultra-12GB-1TB-Dual-SIM
229,/mobilni-komentari/p8l/Tecno/Spark-20C
230,/mobilni-komentari/9682/Xiaomi/Redmi-10-2022-128GB
231,/mobilni-komentari/rmd/Google/Pixel-10-12GB-256GB-1x-SIM-1x-eSIM
232,/mobilni-komentari/mkt/Apple/iPhone-16e-8GB-256GB-1x-SIM-2x-eSIM
233,/mobilni-komentari/qrj/Samsung/Galaxy-S24-Ultra-12GB-512GB-1x-SIM-1x-eSIM
234,/mobilni-komentari/10d/Honor/90-12GB-256GB-2x-SIM
235,/mobilni-komentari/y9cd4/Xiaomi/Redmi-Note-12-Pro-8GB-256GB
236,/mobilni-komentari/3df/Honor/600-8GB-512GB-2x-SIM-1x-eSIM
237,/mobilni-komentari/jbt/Xiaomi/17T-Pro-12GB-512GB-2x-SIM-2x-eSIM
238,/mobilni-komentari/vpp/Oppo/Find-X8-Pro-16GB-512GB-2x-SIM
239,/mobilni-komentari/byp/Motorola/Moto-G84
240,/mobilni-komentari/v2d/Honor/X7b
241,/mobilni-komentari/6585/Panasonic/KX-TU150EX
242,/mobilni-komentari/drb/Oppo/Find-X8-16GB-512GB-2x-SIM
243,/mobilni-komentari/yr5/Samsung/Galaxy-A57-12GB-512GB-1x-SIM-1x-eSIM
244,/mobilni-komentari/8652/Poco/M3-Pro-5G
245,/mobilni-komentari/v19/Poco/F8-Ultra-12GB-256GB-2x-SIM-1x-eSIM
246,/mobilni-komentari/095bb/Meizu/M2-Note
247,/mobilni-komentari/d9d/Motorola/Edge-60-Pro-8GB-256GB-1x-SIM-1x-eSIM
248,/mobilni-komentari/04z/OnePlus/11-8GB-128GB-Dual-SIM
249,/mobilni-komentari/05d27/Oppo/R11-Dual-SIM
250,/mobilni-komentari/gqc/Nokia/110-4G-2024-2x-SIM
251,/mobilni-komentari/k0t/Google/Pixel-9-Pro-16GB-256GB-1x-SIM-1x-eSIM
252,/mobilni-komentari/5rm/Samsung/Galaxy-S26+-12GB-256GB-2x-SIM-2x-eSIM
253,/mobilni-komentari/8005/Xiaomi/Redmi-9C-NFC
254,/mobilni-komentari/93g/Apple/iPhone-16-Plus-8GB-512GB-2x-SIM
255,/mobilni-komentari/zd7/Apple/iPhone-15-Pro-Max-8GB-512GB-2x-SIM
256,/mobilni-komentari/6734/Alcatel/3025X
257,/mobilni-komentari/9698/Samsung/Galaxy-S21-FE-5G-Exynos-2100-8GB-256GB-Dual-SIM
258,/mobilni-komentari/28k/Motorola/Edge-70-Fusion-8GB-128GB-1x-SIM-1x-eSIM
259,/mobilni-komentari/y4c/Ulefone/Armor-27-12GB-256GB-2x-SIM
260,/mobilni-komentari/34ft0/Xiaomi/12-Lite-8GB
261,/mobilni-komentari/5717/Huawei/P9-Lite-16GB-3GB
262,/mobilni-komentari/1m0/Infinix/Note-10-128GB
263,/mobilni-komentari/94rzk/Apple/iPhone-14-Red
264,/mobilni-komentari/z9d/Samsung/Galaxy-S23-FE-Snapdragon-8-Gen-1-1x-SIM-1x-eSIM
265,/mobilni-komentari/8w8/Motorola/Moto-G05-8GB-256GB-2x-SIM
266,/mobilni-komentari/l4r/Motorola/Moto-G05-4GB-256GB-2x-SIM
267,/mobilni-komentari/czk/OnePlus/Nord-6-12GB-512GB-2x-SIM
268,/mobilni-komentari/hgs/Samsung/Galaxy-Z-Flip7-FE-8GB-256GB-1x-SIM-2x-eSIM
269,/mobilni-komentari/mxr/Xiaomi/13-Pro-12GB-256GB-Dual-SIM
270,/mobilni-komentari/6145/Apple/iPhone-8-Plus-64GB
271,/mobilni-komentari/xpr/Poco/C75-8GB-256GB-2x-SIM
272,/mobilni-komentari/9288/Xiaomi/11-Lite-5G-NE
273,/mobilni-komentari/05e62/Oppo/R9-Plus
274,/mobilni-komentari/9565/Xiaomi/12X-256GB
275,/mobilni-komentari/v48/Realme/Note-60-6GB-128GB-2x-SIM
276,/mobilni-komentari/9576/Samsung/Galaxy-S21-FE-5G-Dual-SIM
277,/mobilni-komentari/f36/Poco/X7-12GB-512GB-2x-SIM
278,/mobilni-komentari/chk/Samsung/Galaxy-A15-8GB-256GB
279,/mobilni-komentari/gzs/Samsung/Galaxy-A15-5G-4GB-128GB-2x-SIM
280,/mobilni-komentari/dx5/Samsung/Galaxy-A06-4GB-64GB-2x-SIM
281,/mobilni-komentari/p8n/Xiaomi/17-Pro-12GB-256GB-2x-SIM
282,/mobilni-komentari/9628/Vivo/Y01
283,/mobilni-komentari/8cw/Samsung/Galaxy-S23-256GB-Dual-SIM
284,/mobilni-komentari/b8l/Tecno/Camon-30S-Pro-8GB-256GB-2x-SIM
285,/mobilni-komentari/l9p/Motorola/Moto-E14-4GB-64GB-2x-SIM
286,/mobilni-komentari/lfq/Xiaomi/Redmi-Note-14-Pro-5G-(India)-8GB-256GB-2x-SIM
287,/mobilni-komentari/m3c/Samsung/Galaxy-A24-4G-8GB-128GB-1x-SIM
288,/mobilni-komentari/qyj/Samsung/Galaxy-A24-4G-6GB-128GB-2x-SIM
289,/mobilni-komentari/7724/Nokia/150-2020
290,/mobilni-komentari/vgy/Apple/iPhone-15-Plus-6GB-256GB-1x-SIM-1x-eSIM
291,/mobilni-komentari/ykg/Samsung/Galaxy-A56-8GB-256GB-2x-SIM-2x-eSIM
292,/mobilni-komentari/7306/Cat/B26
293,/mobilni-komentari/38f/Samsung/Galaxy-S24-8GB-128GB-2x-SIM-1x-eSIM
294,/mobilni-komentari/z59/Apple/iPhone-15-Pro-Max-8GB-256GB-1x-SIM-1x-eSIM
295,/mobilni-komentari/9272/Apple/iPhone-13-Pro
296,/mobilni-komentari/5sb/Realme/GT-7-12GB-512GB-2x-SIM-1x-eSIM
297,/mobilni-komentari/6c4/Xiaomi/Redmi-Note-13-4G-8GB-128GB-2x-SIM
298,/mobilni-komentari/mmm/Poco/X8-Pro-8GB-256GB-2x-SIM
299,/mobilni-komentari/9475/Vivo/Y33s-8GB
300,/mobilni-komentari/x2178/Poco/M4-5G-6GB-128GB
301,/mobilni-komentari/0c8/Xiaomi/14T-12GB-512GB-2x-SIM
302,/mobilni-komentari/5752/Meizu/M5-32GB
303,/mobilni-komentari/nqc6z/Samsung/Galaxy-A04s-4GB-64GB
304,/mobilni-komentari/8087/Nokia/225-4G-Dual-SIM
305,/mobilni-komentari/pcp/Samsung/Galaxy-A17-5G-8GB-256GB-2x-SIM
306,/mobilni-komentari/fq5/Samsung/Galaxy-A54-Dual-SIM
307,/mobilni-komentari/9573/Samsung/Galaxy-S21-FE-5G
308,/mobilni-komentari/6nv/Xiaomi/Redmi-Note-13-Pro+
309,/mobilni-komentari/6335/HTC/Desire-12
310,/mobilni-komentari/kpg1m/Honor/70-256GB
311,/mobilni-komentari/c8g/Xiaomi/Redmi-Note-12-4G-8GB-128GB
312,/mobilni-komentari/q60/Xiaomi/Redmi-13-4G-6GB-128GB-2x-SIM
313,/mobilni-komentari/mnc/Motorola/Moto-G32-8GB-256GB-2x-SIM
314,/mobilni-komentari/8mk/Samsung/Galaxy-A25-2x-SIM
315,/mobilni-komentari/84l/Xiaomi/Redmi-A5-4G-3GB-64GB-2x-SIM
316,/mobilni-komentari/v2b/Nokia/110-2023
317,/mobilni-komentari/0ns/Poco/F8-Ultra-12GB-256GB-2x-SIM-2x-eSIM
318,/mobilni-komentari/dvs/Xiaomi/Redmi-Note-15-Pro+-5G-12GB-512GB-1x-SIM-1x-eSIM
319,/mobilni-komentari/58t/Realme/14-Pro+-12GB-512GB-2x-SIM
320,/mobilni-komentari/lpr/OnePlus/11-8GB-128GB
321,/mobilni-komentari/08666/Samsung/Galaxy-Tab-S2-8.0-T715
322,/mobilni-komentari/5ky/Xiaomi/17-12GB-512GB-2x-SIM
323,/mobilni-komentari/9575/Samsung/Galaxy-S21-FE-5G-8GB-256GB
324,/mobilni-komentari/xf7/Xiaomi/17T-12GB-512GB-2x-SIM-2x-eSIM
325,/mobilni-komentari/9681/Xiaomi/Redmi-10-2022
326,/mobilni-komentari/phn/Xiaomi/15-Ultra-16GB-512GB-2x-SIM
327,/mobilni-komentari/7386/Cat/S42
328,/mobilni-komentari/6126/Cat/S41-Dual-SIM
329,/mobilni-komentari/9cqss/Tesla/Explr9
330,/mobilni-komentari/9446/Xiaomi/Redmi-Note-11-Pro-4G-8GB-128GB-2x-SIM
331,/mobilni-komentari/fjd/Motorola/Razr-60-8GB-256GB-1x-SIM-1x-eSIM
332,/mobilni-komentari/g4b/Nothing/Phone-(2)
333,/mobilni-komentari/6901/Huawei/P30-6GB-128GB
334,/mobilni-komentari/7cg/Samsung/Galaxy-Z-Fold5-2x-SIM-1x-eSIM
335,/mobilni-komentari/88x/Honor/Magic7-Lite-8GB-256GB-1x-SIM-1x-eSIM
336,/mobilni-komentari/8389/Xiaomi/Redmi-Note-10-Pro
337,/mobilni-komentari/8550/Nokia/X10
338,/mobilni-komentari/ztn/Apple/iPhone-16-Plus-8GB-256GB-1x-SIM-1x-eSIM
339,/mobilni-komentari/8j64r/Xiaomi/Redmi-9C-NFC-4GB-128GB
340,/mobilni-komentari/7078/Nokia/105-(2019)
341,/mobilni-komentari/w6x/Nothing/Phone-(3a)-8GB-128GB-2x-SIM
342,/mobilni-komentari/7480/Realme/C2-3GB-32GB
343,/mobilni-komentari/xhk/Xiaomi/15-Ultra-12GB-256GB-2x-SIM-2x-eSIM
344,/mobilni-komentari/rg2/Honor/Magic6-Pro-12GB-512GB-1x-SIM-1x-eSIM
345,/mobilni-komentari/x0l/Xiaomi/13-Lite-256GB
346,/mobilni-komentari/nqk/Samsung/Galaxy-A05s-4GB-128GB-2x-SIM
347,/mobilni-komentari/d91/Motorola/Edge-40-Neo-12GB-256GB-2x-SIM
348,/mobilni-komentari/txm/Google/Pixel-10-12GB-128GB-1x-SIM-1x-eSIM
349,/mobilni-komentari/xsz/Google/Pixel-10a-8GB-128GB-1x-SIM-1x-eSIM
350,/mobilni-komentari/h6d/Apple/iPhone-16-Pro-8GB-256GB-2x-SIM
351,/mobilni-komentari/y7f/Realme/16-Pro-8GB-256GB-2x-SIM-1x-eSIM
352,/mobilni-komentari/50t/Poco/X8-Pro-Max-12GB-256GB-2x-SIM-1x-eSIM
353,/mobilni-komentari/2bea8/HTC/U11-Life
354,/mobilni-komentari/r14/Ulefone/Power-Armor-16S-8GB-128GB-2x-SIM
355,/mobilni-komentari/kcf/Samsung/Galaxy-A07-4G-8GB-256GB-2x-SIM
356,/mobilni-komentari/9517/ZTE/Blade-A51
357,/mobilni-komentari/76y/Samsung/Galaxy-Xcover7-6GB-128GB-1x-SIM-1x-eSIM
358,/mobilni-komentari/w38/Apple/iPhone-16-8GB-256GB-1x-SIM-1x-eSIM
359,/mobilni-komentari/s1h/Tecno/Pop-7
360,/mobilni-komentari/5w6/Samsung/Galaxy-M35-6GB-128GB-2x-SIM
361,/mobilni-komentari/r9p/Honor/400-8GB-512GB-1x-SIM-1x-eSIM
362,/mobilni-komentari/ztr/Samsung/Galaxy-S25-Edge-12GB-256GB-2x-SIM-2x-eSIM
363,/mobilni-komentari/7177/Apple/iPhone-11-Pro-256GB
364,/mobilni-komentari/lps/Xiaomi/Redmi-Note-14S-8GB-256GB-2x-SIM
365,/mobilni-komentari/sp2/Honor/X6b-4G-4GB-128GB-2x-SIM
366,/mobilni-komentari/pk5/Poco/X8-Pro-Max-12GB-512GB-2x-SIM-1x-eSIM
367,/mobilni-komentari/k4s/Alcatel/2020X
368,/mobilni-komentari/2g0/Xiaomi/Redmi-Note-12-Pro-4G-8GB
369,/mobilni-komentari/3503/Samsung/E1205
370,/mobilni-komentari/9933/Sony/Xperia-10-IV
371,/mobilni-komentari/5vm32/Motorola/Moto-E22-4GB-64GB
372,/mobilni-komentari/yym/Samsung/Galaxy-A06-4GB-128GB-2x-SIM
373,/mobilni-komentari/sjm/Honor/600-8GB-256GB-2x-SIM-1x-eSIM
374,/mobilni-komentari/h91/Oukitel/WP23
375,/mobilni-komentari/nwy/Xiaomi/15T-Pro-12GB-256GB-2x-SIM
376,/mobilni-komentari/d9h/Motorola/Edge-40-Pro-Dual-SIM
377,/mobilni-komentari/j2x5x/ZTE/Blade-V40s
378,/mobilni-komentari/7492/Realme/C3-3GB
379,/mobilni-komentari/l63/Xiaomi/Redmi-12-4G
380,/mobilni-komentari/7n9/Honor/Magic8-Lite-8GB-256GB-2x-SIM
381,/mobilni-komentari/17b/Honor/Magic8-Lite-8GB-256GB-2x-SIM-1x-eSIM
382,/mobilni-komentari/8nd/Samsung/Galaxy-S23-FE-256GB
383,/mobilni-komentari/jg0/Cat/S75
384,/mobilni-komentari/swk/Xiaomi/13-Lite
385,/mobilni-komentari/9564/Xiaomi/12X
386,/mobilni-komentari/5cr/Xiaomi/Redmi-Note-14-Pro-5G-8GB-256GB-2x-SIM
387,/mobilni-komentari/3z0/OnePlus/12
388,/mobilni-komentari/h9p/Honor/Magic-V2
389,/mobilni-komentari/4zr/Oppo/A5-Pro-8GB-256GB-2x-SIM
390,/mobilni-komentari/7v0/Poco/F7-Pro-12GB-256GB-2x-SIM
391,/mobilni-komentari/5918/Nokia/3310-(2017)
392,/mobilni-komentari/1w5/Apple/iPhone-17e-8GB-256GB-2x-eSIM
393,/mobilni-komentari/8498/Xiaomi/Mi-11i-256GB
394,/mobilni-komentari/07a86/Meizu/15-Lite
395,/mobilni-komentari/9856/Huawei/nova-9-SE
396,/mobilni-komentari/7xh/Xiaomi/Redmi-14C-4G-6GB-128GB-2x-SIM
397,/mobilni-komentari/9453/Panasonic/KX-TU400KX
398,/mobilni-komentari/hj9/Ulefone/Armor-25T-6GB-256GB-2x-SIM
399,/mobilni-komentari/qz6/Honor/400-Pro-12GB-512GB-1x-SIM-1x-eSIM
400,/mobilni-komentari/srw/Xiaomi/Redmi-Note-12-Pro-4G-8GB-256GB
401,/mobilni-komentari/5386/Meizu/M3-Note-32GB
402,/mobilni-komentari/7587/Nokia/5310-(2020)-Dual-SIM
403,/mobilni-komentari/14x/Honor/X5-Plus-4GB-64GB-2x-SIM
404,/mobilni-komentari/9279/Apple/iPhone-13-Pro-1TB-Dual-SIM
405,/mobilni-komentari/gj0xl/Google/Pixel-7-Pro
406,/mobilni-komentari/02q/Samsung/Galaxy-A14-6GB-128GB-Dual-SIM
407,/mobilni-komentari/9343/Xiaomi/Redmi-9-Activ-6GB-128GB
408,/mobilni-komentari/wfp/Xiaomi/Redmi-13-4G-8GB-128GB-2x-SIM
409,/mobilni-komentari/9261/Apple/iPhone-13-256GB
410,/mobilni-komentari/9793/Samsung/Galaxy-A13-4GB-128GB-Dual-SIM
411,/mobilni-komentari/4ph/OnePlus/12-16GB-512GB
412,/mobilni-komentari/thq/Apple/iPhone-16e-8GB-512GB-1x-SIM-2x-eSIM
413,/mobilni-komentari/kyv/Xiaomi/Redmi-13-4G-8GB-256GB-2x-SIM
414,/mobilni-komentari/2z2/Motorola/Moto-G06-Power-4GB-256GB-2x-SIM
415,/mobilni-komentari/gtn/Samsung/Galaxy-A15-8GB
416,/mobilni-komentari/7364/Alcatel/2019G
417,/mobilni-komentari/90x/Samsung/Galaxy-S25-FE-8GB-512GB-2x-SIM
418,/mobilni-komentari/yl1/Sony/Xperia-10-V-8GB
419,/mobilni-komentari/w7xfc/Huawei/nova-Y90-6GB
420,/mobilni-komentari/tb3/HMD/2660-Flip-2x-SIM
421,/mobilni-komentari/cgw/Honor/200-Smart-4GB-256GB-2x-SIM
422,/mobilni-komentari/dx0cy/Motorola/Moto-G32-6GB-128GB-2x-SIM
423,/mobilni-komentari/1gp/Samsung/Galaxy-S25-12GB-128GB-2x-SIM-2x-eSIM
424,/mobilni-komentari/4sy/Samsung/Galaxy-Z-Flip7-FE-8GB-128GB-1x-SIM-2x-eSIM
425,/mobilni-komentari/4tl/Samsung/Galaxy-S25+-12GB-256GB-2x-SIM-2x-eSIM
426,/mobilni-komentari/jq0/Samsung/Galaxy-A54-8GB-256GB
427,/mobilni-komentari/8h9/Xiaomi/13T-Pro-16GB-1TB-2x-SIM
428,/mobilni-komentari/nnp/Motorola/Moto-E13-8GB-128GB
429,/mobilni-komentari/zpj/Honor/Magic7-Pro-16GB-512GB-2x-SIM
430,/mobilni-komentari/8016/Samsung/Galaxy-S20-FE-5G-8GB-Dual-SIM
431,/mobilni-komentari/1vm/Xiaomi/13-256GB-1x-SIM-1x-eSIM
432,/mobilni-komentari/6nq/Honor/400-8GB-256GB-2x-SIM-1x-eSIM
433,/mobilni-komentari/8697/Cat/B40
434,/mobilni-komentari/9432/Honor/50-Lite
435,/mobilni-komentari/8732/Realme/C11-2021
436,/mobilni-komentari/8c3/Samsung/Galaxy-Z-Fold6-12GB-256GB-2x-SIM
437,/mobilni-komentari/z5b/Xiaomi/Redmi-13C-5G-8GB-256GB
438,/mobilni-komentari/8258/Samsung/Galaxy-A12-4GB-128GB
439,/mobilni-komentari/y7gcg/Apple/iPhone-14-512GB
440,/mobilni-komentari/wqq/Apple/iPhone-Air-12GB-512GB-2x-eSIM
441,/mobilni-komentari/szr/Poco/F7-Ultra-12GB-256GB-2x-SIM
442,/mobilni-komentari/9811/Apple/iPhone-SE-2022-128GB
443,/mobilni-komentari/9843/Samsung/Galaxy-A53-5G-8GB-256GB
444,/mobilni-komentari/bm9/Samsung/Galaxy-A55-8GB-128GB-1x-SIM
445,/mobilni-komentari/8651/Poco/M3-Pro-6GB-128GB
446,/mobilni-komentari/cxs/Poco/X6-12GB-512GB-2x-SIM
447,/mobilni-komentari/z43/Apple/iPhone-15-Plus-6GB-512GB-1x-SIM-1x-eSIM
448,/mobilni-komentari/gkt68/Samsung/Galaxy-A04-Dual-SIM
449,/mobilni-komentari/nl4/Apple/iPhone-17-Pro-Max-12GB-512GB-1x-SIM-2x-eSIM
450,/mobilni-komentari/7327/Meizu/M10-3GB-32GB
451,/mobilni-komentari/sw0/Honor/600-Lite-8GB-256GB-2x-SIM
452,/mobilni-komentari/bklj2/Xiaomi/Redmi-12C-4GB-128GB-2x-SIM
453,/mobilni-komentari/nry/Samsung/Galaxy-Z-Fold5-1TB
454,/mobilni-komentari/zf3/Xiaomi/Redmi-14C-4G-8GB-256GB-2x-SIM
455,/mobilni-komentari/7281/Google/Pixel-4-64GB
456,/mobilni-komentari/5673/Apple/iPhone-7-32GB
457,/mobilni-komentari/6247/Sony/Xperia-XA2-Ultra-64GB
458,/mobilni-komentari/7652/Apple/iPhone-SE-(2020)-128GB
459,/mobilni-komentari/8m7/Samsung/Galaxy-S24-Ultra-12GB-256GB-1x-SIM-1x-eSIM
460,/mobilni-komentari/22dm8/Samsung/Galaxy-A13-6GB-128GB-Dual-SIM
461,/mobilni-komentari/fwh/Tecno/Spark-30-Pro-8GB-128GB-2x-SIM
462,/mobilni-komentari/7561/Samsung/Galaxy-A11-Dual-SIM
463,/mobilni-komentari/1hh/Samsung/Galaxy-M17-6GB-128GB-2x-SIM
464,/mobilni-komentari/6967/Google/Pixel-3a
465,/mobilni-komentari/8559/Nokia/X20-8GB-Dual-SIM
466,/mobilni-komentari/zk9/Realme/GT-8-Pro-16GB-512GB-2x-SIM-1x-eSIM
467,/mobilni-komentari/tj1/Apple/iPhone-17-Pro-Max-12GB-2TB-1x-SIM-2x-eSIM
468,/mobilni-komentari/zs6/Samsung/Galaxy-M36-6GB-128GB-2x-SIM
469,/mobilni-komentari/5784/Meizu/U10-32GB
470,/mobilni-komentari/fbk/OnePlus/Nord-CE-3-Lite-256GB
471,/mobilni-komentari/x47h6/Apple/iPhone-14-Pro-Max-256GB-Dual-SIM
472,/mobilni-komentari/lwx/Samsung/Galaxy-S24-8GB-512GB-1x-SIM-1x-eSIM
473,/mobilni-komentari/zqc/Honor/90-12GB-512GB-2x-SIM
474,/mobilni-komentari/8227/Samsung/Galaxy-S21-5G
475,/mobilni-komentari/r88/Xiaomi/Redmi-Note-13-Pro-4G-12GB-512GB-2x-SIM
476,/mobilni-komentari/r8rtm/Samsung/Galaxy-A04s-4GB
477,/mobilni-komentari/thv/Nothing/Phone-(4a)-Pro-8GB-128GB-2x-SIM
478,/mobilni-komentari/ttb/Honor/X8b-256GB
479,/mobilni-komentari/r6z/Samsung/Galaxy-S25-Ultra-12GB-1TB-1x-SIM-2x-eSIM
480,/mobilni-komentari/47rt9/Huawei/Mate-50-Pro-512GB
481,/mobilni-komentari/8590/Oppo/A54-5G-Dual-SIM
482,/mobilni-komentari/25g/ZTE/Blade-A53
483,/mobilni-komentari/9273/Apple/iPhone-13-Pro-256GB
484,/mobilni-komentari/8061/Apple/iPhone-12-mini
485,/mobilni-komentari/fjf/Samsung/Galaxy-Z-Flip7-12GB-512GB-1x-SIM-2x-eSIM
486,/mobilni-komentari/9342/Xiaomi/Redmi-9-Activ
487,/mobilni-komentari/8695/Samsung/Galaxy-A22-5G-8GB-128GB-Dual-SIM
488,/mobilni-komentari/pmk0n/Nokia/2660-Flip-Dual-SIM
489,/mobilni-komentari/dz2/Motorola/Edge-50-Ultra-16GB-1TB-1x-SIM-1x-eSIM
490,/mobilni-komentari/8242/Samsung/Galaxy-S21-Ultra-5G-Dual-SIM
491,/mobilni-komentari/9506/Motorola/Moto-G71-5G
492,/mobilni-komentari/vk2/Xiaomi/Redmi-Note-15-Pro+-5G-12GB-256GB-2x-SIM
493,/mobilni-komentari/vyn/Samsung/Galaxy-A07-4G-4GB-128GB-2x-SIM
494,/mobilni-komentari/9405/Vivo/S10e
495,/mobilni-komentari/9699/Samsung/Galaxy-A03-Dual-SIM
496,/mobilni-komentari/t34/Samsung/Galaxy-A37-8GB-256GB-1x-SIM-1x-eSIM
497,/mobilni-komentari/8225/Xiaomi/Mi-11-256GB
498,/mobilni-komentari/9567/Xiaomi/12
499,/mobilni-komentari/3zv/Xiaomi/Redmi-15-4G-8GB-256GB-2x-SIM
500,/mobilni-komentari/9762/Honor/Magic4-Pro
501,/mobilni-komentari/j69/Motorola/Edge-70-12GB-512GB-1x-SIM-1x-eSIM
502,/mobilni-komentari/8384/Samsung/Galaxy-A02s-4GB-64GB
503,/mobilni-komentari/6647/Alcatel/2003D
504,/mobilni-komentari/8qn/Xiaomi/17-Pro-12GB-512GB-2x-SIM
505,/mobilni-komentari/tvg/Samsung/Galaxy-A15-8GB-2x-SIM
506,/mobilni-komentari/ybw/Apple/iPhone-17-8GB-256GB-2x-eSIM
507,/mobilni-komentari/hl4/Nothing/Phone-(4a)-12GB-256GB-2x-SIM
508,/mobilni-komentari/rjg/Motorola/Moto-G35-4GB-128GB-2x-SIM
509,/mobilni-komentari/flj77/Apple/iPhone-14-Pro-256GB
510,/mobilni-komentari/9574/Samsung/Galaxy-S21-FE-5G-8GB
511,/mobilni-komentari/6fs/Ulefone/Armor-25T-Pro-6GB-256GB-2x-SIM
512,/mobilni-komentari/y2f/Xiaomi/Redmi-Note-14S-12GB-512GB-2x-SIM
513,/mobilni-komentari/bgj/TCL/50-NxtPaper-8GB-256GB-1x-SIM-1x-eSIM
514,/mobilni-komentari/6lg/Samsung/Galaxy-Z-Flip6-12GB-512GB-1x-SIM-1x-eSIM
515,/mobilni-komentari/7s0/Google/Pixel-9-Pro-XL-16GB-1TB-1x-SIM-1x-eSIM
516,/mobilni-komentari/gqn/Samsung/Galaxy-A16-8GB-128GB-2x-SIM
517,/mobilni-komentari/8006/Xiaomi/Redmi-9C-NFC-3GB-64GB
518,/mobilni-komentari/cc9/Xiaomi/Redmi-Note-14-Pro+-5G-12GB-256GB-1x-SIM-1x-eSIM
519,/mobilni-komentari/lh19r/Huawei/Mate-Xs-2-512GB
520,/mobilni-komentari/8055/Apple/iPhone-12
521,/mobilni-komentari/t89/Xiaomi/Redmi-Note-14-5G-6GB-128GB-2x-SIM
522,/mobilni-komentari/y28/Motorola/Razr-60-Ultra-16GB-512GB-2x-SIM
523,/mobilni-komentari/sys/Apple/iPhone-16-Pro-Max-8GB-512GB-2x-SIM
524,/mobilni-komentari/00h/Nokia/6310-2024-2x-SIM
525,/mobilni-komentari/ktf/Oppo/Reno14-12GB-256GB-2x-SIM-1x-eSIM
526,/mobilni-komentari/9297/Motorola/Moto-E20
527,/mobilni-komentari/s9y/Samsung/Galaxy-Z-Fold6-12GB-512GB-1x-SIM-1x-eSIM
528,/mobilni-komentari/mym/Huawei/Pura-70-12GB-512GB-2x-SIM
529,/mobilni-komentari/mv3/OnePlus/11-16GB-Dual-SIM
530,/mobilni-komentari/5wj/Motorola/Moto-G72-8GB-256GB
531,/mobilni-komentari/8366/Samsung/Galaxy-A32-6GB-128GB-Dual-SIM
532,/mobilni-komentari/w7z/Motorola/Moto-G85-12GB-256GB-2x-SIM
533,/mobilni-komentari/t05/Xiaomi/Redmi-13C-4G-8GB-256GB
534,/mobilni-komentari/qy8/Xiaomi/15-12GB-256GB-2x-SIM
535,/mobilni-komentari/sg3/Samsung/Galaxy-A35-8GB-256GB-2x-SIM
536,/mobilni-komentari/ds5/Poco/F8-Pro-12GB-512GB-2x-SIM-2x-eSIM
537,/mobilni-komentari/xlf/Motorola/Moto-G15-8GB-512GB-2x-SIM
538,/mobilni-komentari/msx/Xiaomi/Redmi-A3x-3GB-64GB-2x-SIM
539,/mobilni-komentari/9412/Google/Pixel-6
540,/mobilni-komentari/6718/Huawei/Honor-10-Lite-128GB
541,/mobilni-komentari/hs5v2/Samsung/Galaxy-A04
542,/mobilni-komentari/8440/Samsung/Galaxy-A52-Dual-SIM
543,/mobilni-komentari/8391/Xiaomi/Redmi-Note-10-Pro-8GB-128GB
544,/mobilni-komentari/9644/Samsung/Galaxy-S22-5G-Snapdragon-8-Gen-1-Dual-SIM
545,/mobilni-komentari/x15/Apple/iPhone-15-Plus-6GB-256GB-2x-SIM
546,/mobilni-komentari/5d1/Honor/X7-Dual-SIM
547,/mobilni-komentari/m9n/Xiaomi/Redmi-Note-13-Pro+-8GB-512GB-2x-SIM
548,/mobilni-komentari/vlx0b/Honor/X7a-Dual-SIM
549,/mobilni-komentari/6246/Sony/Xperia-XA2-Ultra-Dual
550,/mobilni-komentari/46c/Samsung/Galaxy-M36-8GB-128GB-2x-SIM
551,/mobilni-komentari/9266/Apple/iPhone-13-mini
552,/mobilni-komentari/vnw/Honor/400-Pro-12GB-512GB-2x-SIM-1x-eSIM
553,/mobilni-komentari/4z6/Samsung/Galaxy-A34-8GB-256GB-Dual-SIM
554,/mobilni-komentari/5d3/Samsung/Galaxy-M55s-8GB-256GB-2x-SIM
555,/mobilni-komentari/lst/Honor/X5c-Plus-4GB-128GB-2x-SIM
556,/mobilni-komentari/6l7/Realme/Note-70T-4GB-128GB-2x-SIM
557,/mobilni-komentari/8286/Xiaomi/Redmi-Note-9T
558,/mobilni-komentari/gy2gp/Samsung/Galaxy-Xcover6-Pro
559,/mobilni-komentari/lp0/Poco/C85-4G-6GB-128GB-2x-SIM
560,/mobilni-komentari/nmd/Xiaomi/Redmi-Note-14-Pro-5G-12GB-256GB-2x-SIM
561,/mobilni-komentari/77w/Nothing/Phone-(2a)-Plus-8GB-256GB-2x-SIM
562,/mobilni-komentari/tfk/Honor/200-8GB-256GB-1x-SIM-1x-eSIM
563,/mobilni-komentari/gbh/Samsung/Galaxy-M35-8GB-128GB-2x-SIM
564,/mobilni-komentari/9138/Wiko/Y62
565,/mobilni-komentari/3yx/Honor/X5c-Plus-4GB-64GB-2x-SIM
566,/mobilni-komentari/fqlbp/Samsung/Galaxy-A23-5G
567,/mobilni-komentari/2jgvd/Asus/Zenfone-9
568,/mobilni-komentari/9965/Poco/C40
569,/mobilni-komentari/fmj/Apple/iPhone-16-Pro-8GB-1TB-2x-SIM
570,/mobilni-komentari/8032/Xiaomi/Mi-10T-Pro-5G-256GB
571,/mobilni-komentari/2nt/Xiaomi/13T-Pro-512GB-2x-SIM
572,/mobilni-komentari/48x/Motorola/Moto-G42-4GB-128GB-2x-SIM
573,/mobilni-komentari/0l8/Samsung/Galaxy-S23+-512GB
574,/mobilni-komentari/pnt/Motorola/Edge-60-Neo-12GB-256GB-1x-SIM-1x-eSIM
575,/mobilni-komentari/9zq/OnePlus/Nord-3-16GB-256GB
576,/mobilni-komentari/twh/Samsung/Galaxy-S24-FE-8GB-128GB-1x-SIM
577,/mobilni-komentari/5694/Xiaomi/Mi-5s-32GB
578,/mobilni-komentari/l4k/Poco/F6-Pro-16GB-1TB-2x-SIM
579,/mobilni-komentari/8010/Samsung/Galaxy-S20-FE-8GB-Dual-SIM
580,/mobilni-komentari/9452/Realme/C25Y-128GB
581,/mobilni-komentari/07abc/Meizu/M6-Note-16GB
582,/mobilni-komentari/5883/Meizu/M5s-32GB
583,/mobilni-komentari/pw57w/Samsung/Galaxy-A03-Core-3GB
584,/mobilni-komentari/9865/Samsung/Galaxy-A53-5G-6GB
585,/mobilni-komentari/khc/Apple/iPhone-15-Pro-8GB-1TB-1x-SIM-1x-eSIM
586,/mobilni-komentari/jsl/Apple/iPhone-17-Pro-12GB-256GB-1x-SIM-2x-eSIM
587,/mobilni-komentari/y95q9/Huawei/nova-Y61
588,/mobilni-komentari/nxqsb/Xiaomi/Redmi-Note-12-Pro-8GB
589,/mobilni-komentari/gvn/Xiaomi/Redmi-Note-12S-128GB
590,/mobilni-komentari/9815/Xiaomi/Redmi-Note-11-Pro+-5G-(India)-8GB-128GB
591,/mobilni-komentari/05d2b/Oppo/R11-6GB-128GB
592,/mobilni-komentari/ys5ll/Xiaomi/Redmi-Note-12-Pro+-12GB
593,/mobilni-komentari/jn7/Poco/F8-Pro-12GB-512GB-2x-SIM-1x-eSIM
594,/mobilni-komentari/xp2/Samsung/Galaxy-A55-8GB-256GB-1x-SIM
595,/mobilni-komentari/dnp/Samsung/Galaxy-S23-FE-256GB-1x-SIM-1x-eSIM
596,/mobilni-komentari/rdd/Honor/400-Smart-4G-8GB-256GB-2x-SIM
597,/mobilni-komentari/km1/Poco/X5-Pro-8GB-256GB
598,/mobilni-komentari/zjj/Google/Pixel-8-256GB
599,/mobilni-komentari/chl/Xiaomi/Redmi-Note-15-Pro+-5G-12GB-512GB-2x-SIM
600,/mobilni-komentari/9h2/Xiaomi/Redmi-Note-12-5G-4GB-64GB-2x-SIM
601,/mobilni-komentari/pg1/Poco/X7-Pro-12GB-512GB-2x-SIM
602,/mobilni-komentari/1pc/Nothing/Phone-(3)-16GB-512GB-2x-SIM-1x-eSIM
603,/mobilni-komentari/6pm/Xiaomi/Redmi-Note-13-Pro+-12GB-512GB-2x-SIM
604,/mobilni-komentari/ffr/Nokia/C32-6GB-128GB
605,/mobilni-komentari/0c5/Motorola/Moto-G72-8GB-256GB-2x-SIM
606,/mobilni-komentari/bzb/Motorola/Edge-50-Pro-12GB-512GB-2x-SIM
607,/mobilni-komentari/9695/Samsung/Galaxy-S21-FE-5G-Exynos-2100-8GB-256GB
608,/mobilni-komentari/9337/Samsung/Galaxy-M52-5G
609,/mobilni-komentari/pyxsj/Poco/C40-4GB-64GB
610,/mobilni-komentari/69k/Samsung/Galaxy-Z-Fold5-512GB
611,/mobilni-komentari/3f1b8/Google/Pixel-7-Pro-12GB-256GB
612,/mobilni-komentari/mhk/Oppo/Reno10-256GB
613,/mobilni-komentari/9479/Samsung/Galaxy-A03-Core
614,/mobilni-komentari/1yq/Honor/Magic7-Lite-8GB-512GB-1x-SIM-1x-eSIM
615,/mobilni-komentari/l7m/Samsung/Galaxy-S23-Ultra
616,/mobilni-komentari/z9z/Honor/600-Pro-12GB-512GB-2x-SIM-1x-eSIM
617,/mobilni-komentari/7889/Cat/S62-Pro
618,/mobilni-komentari/5k8/Nokia/105-2024-2x-SIM
619,/mobilni-komentari/2beb1/HTC/U11-Life
620,/mobilni-komentari/7425/Samsung/Galaxy-S20-Dual-SIM
621,/mobilni-komentari/5796/Meizu/M5-Note-32GB
622,/mobilni-komentari/8381/Xiaomi/Redmi-Note-10
623,/mobilni-komentari/njyrm/Ulefone/Power-Armor-18T
624,/mobilni-komentari/r4qbr/Samsung/Galaxy-Xcover6-Pro-Dual-SIM
625,/mobilni-komentari/49p/Poco/X6-Pro-8GB-256GB-2x-SIM
626,/mobilni-komentari/9441/Xiaomi/Redmi-Note-11-6GB-128GB-2x-SIM
627,/mobilni-komentari/nlr/Honor/200-12GB-512GB-2x-SIM
628,/mobilni-komentari/qzw/Apple/iPhone-16-Pro-Max-8GB-1TB-2x-SIM
629,/mobilni-komentari/8128/OnePlus/Nord-N100
630,/mobilni-komentari/9133/Nokia/XR20-6GB-128GB-Dual-SIM
631,/mobilni-komentari/4390/Nokia/130-Dual-SIM
632,/mobilni-komentari/zx3/Xiaomi/15-12GB-512GB-2x-SIM
633,/mobilni-komentari/mt4/Google/Pixel-7a
634,/mobilni-komentari/9k4/Xiaomi/Redmi-Note-15-Pro-5G-12GB-512GB-2x-SIM
635,/mobilni-komentari/b7l/Ulefone/Armor-27T-Pro-12GB-256GB-2x-SIM
636,/mobilni-komentari/7837/Xiaomi/Redmi-9C-3GB-64GB
637,/mobilni-komentari/9qc/Apple/iPhone-17-Pro-12GB-1TB-2x-eSIM
638,/mobilni-komentari/8239/Samsung/Galaxy-S21-Ultra-5G
639,/mobilni-komentari/nq2/Xiaomi/17T-12GB-256GB-2x-SIM-2x-eSIM
640,/mobilni-komentari/8584/Oppo/A94-5G
641,/mobilni-komentari/v4w/Xiaomi/13-Pro-12GB-512GB-Dual-SIM
642,/mobilni-komentari/6157/Nokia/3310-(2017)-Dual
643,/mobilni-komentari/cbh/Samsung/Galaxy-S23-Ultra-12GB-1TB
644,/mobilni-komentari/98d/Samsung/Galaxy-A15-5G-6GB-128GB-2x-SIM
645,/mobilni-komentari/2t0/Sony/Xperia-10-VI-8GB-128GB-2x-SIM
646,/mobilni-komentari/s0f/Samsung/Galaxy-S23-Ultra-12GB-Dual-SIM
647,/mobilni-komentari/9178/Xiaomi/Redmi-10-128GB
648,/mobilni-komentari/8027/Xiaomi/Mi-10T-Lite-5G
649,/mobilni-komentari/gj2/Poco/C85-4G-8GB-256GB-2x-SIM
650,/mobilni-komentari/4fh/Apple/iPhone-17-Pro-Max-12GB-2TB-2x-eSIM
651,/mobilni-komentari/fzs/Google/Pixel-8a-8GB-256GB-1x-SIM-1x-eSIM
652,/mobilni-komentari/9975/Poco/F4-8GB
653,/mobilni-komentari/gsmly/Huawei/nova-10-SE-8GB
654,/mobilni-komentari/p7m/Samsung/Galaxy-A04e-Dual-SIM
655,/mobilni-komentari/nhj/Tecno/Spark-20
656,/mobilni-komentari/kgt/Samsung/Galaxy-M55-12GB-256GB-2x-SIM
657,/mobilni-komentari/yzg/Xiaomi/17-12GB-256GB-2x-SIM
658,/mobilni-komentari/btc/Xiaomi/Redmi-15C-5G-4GB-256GB-2x-SIM
659,/mobilni-komentari/q8z/Honor/90-Smart-4GB-128GB-2x-SIM
660,/mobilni-komentari/7791/Wiko/View4
661,/mobilni-komentari/p4s/Motorola/Moto-G56-8GB-256GB-1x-SIM-1x-eSIM
662,/mobilni-komentari/cq3/Samsung/Galaxy-A56-12GB-256GB-2x-SIM-2x-eSIM
663,/mobilni-komentari/lsg/Honor/X8c-8GB-256GB-2x-SIM
664,/mobilni-komentari/d1sc8/Ulefone/Armor-17-Pro
665,/mobilni-komentari/k09/Ulefone/Armor-21
666,/mobilni-komentari/wlv/Samsung/Galaxy-A07-4G-4GB-64GB-2x-SIM
667,/mobilni-komentari/9519/ZTE/Blade-A71
668,/mobilni-komentari/hqx/Google/Pixel-8-Pro
669,/mobilni-komentari/nxc/Huawei/Mate-50-Pro-512GB-Dual-SIM
670,/mobilni-komentari/qzxhy/Apple/iPhone-14-Pro-512GB
671,/mobilni-komentari/jchpy/Apple/iPhone-14-Pro-Max-256GB
672,/mobilni-komentari/vc2/Realme/GT-8-Pro-12GB-256GB-2x-SIM-1x-eSIM
673,/mobilni-komentari/7694/Xiaomi/Redmi-Note-9-4GB-128GB
674,/mobilni-komentari/ymt/Nothing/Phone-(4a)-Pro-8GB-128GB-2x-SIM-1x-eSIM
675,/mobilni-komentari/2sl/Apple/iPhone-15-6GB-128GB-1x-SIM-1x-eSIM
676,/mobilni-komentari/8152/Samsung/Galaxy-A12-Dual-SIM
677,/mobilni-komentari/9804/Samsung/Galaxy-A23-Dual-SIM
678,/mobilni-komentari/rwd/Tecno/Camon-30S-8GB-128GB-2x-SIM
679,/mobilni-komentari/qmq/Xiaomi/Redmi-Note-15-Pro+-5G-8GB-256GB-1x-SIM-1x-eSIM
680,/mobilni-komentari/1m7/Google/Pixel-10-Pro-XL-16GB-256GB-1x-SIM-1x-eSIM
681,/mobilni-komentari/9260/Apple/iPhone-13
682,/mobilni-komentari/w1d/Huawei/P60-Pro-Dual-SIM
683,/mobilni-komentari/qqy/Xiaomi/13T
684,/mobilni-komentari/vrs/Samsung/Galaxy-A15-8GB-256GB-2x-SIM
685,/mobilni-komentari/qsq/Samsung/Galaxy-S24-8GB-128GB-1x-SIM-1x-eSIM
686,/mobilni-komentari/s8d/Apple/iPhone-15-6GB-512GB-1x-SIM-1x-eSIM
687,/mobilni-komentari/s4l/Ulefone/Armor-24
688,/mobilni-komentari/w47/Apple/iPhone-17-Pro-12GB-512GB-1x-SIM-2x-eSIM
689,/mobilni-komentari/9697/Samsung/Galaxy-S21-FE-5G-Exynos-2100-8GB-Dual-SIM
690,/mobilni-komentari/jkd/Oukitel/C36
691,/mobilni-komentari/8360/Samsung/Galaxy-A32
692,/mobilni-komentari/7w6/Xiaomi/Redmi-12C-3GB-32GB-2x-SIM
693,/mobilni-komentari/2gk/Honor/Magic7-Pro-12GB-256GB-2x-SIM
694,/mobilni-komentari/ljg/Xiaomi/17-16GB-512GB-2x-SIM
695,/mobilni-komentari/8028/Xiaomi/Mi-10T-Lite-5G-128GB
696,/mobilni-komentari/1bw/Poco/F7-Pro-12GB-512GB-2x-SIM
697,/mobilni-komentari/39s/Motorola/Razr-50-8GB-256GB-1x-SIM-1x-eSIM
698,/mobilni-komentari/9792/Samsung/Galaxy-A13-4GB-64GB-Dual-SIM
699,/mobilni-komentari/3lh/Nokia/3210-2x-SIM
700,/mobilni-komentari/dcm/Ulefone/Armor-23-Ultra
701,/mobilni-komentari/9772/Poco/X4-Pro-5G-8GB-256GB
702,/mobilni-komentari/4bj/Xiaomi/Redmi-Note-14-4G-6GB-128GB-2x-SIM
703,/mobilni-komentari/9jk/Google/Pixel-9-Pro-XL-16GB-128GB-1x-SIM-1x-eSIM
704,/mobilni-komentari/8130/Xiaomi/Redmi-9AT
705,/mobilni-komentari/7416/Huawei/P30-Lite-New-Edition
706,/mobilni-komentari/7602/Huawei/P40-Pro-256GB-Dual-SIM
707,/mobilni-komentari/58skv/Huawei/nova-10-SE
708,/mobilni-komentari/n29/Xiaomi/13T-2x-SIM
709,/mobilni-komentari/t2r/Motorola/Edge-50-8GB-256GB-1x-SIM-1x-eSIM
710,/mobilni-komentari/7kr/Xiaomi/Redmi-Note-14-Pro-5G-12GB-512GB-2x-SIM
711,/mobilni-komentari/43d/Xiaomi/Redmi-Note-12-4G-8GB-256GB
712,/mobilni-komentari/j4v/Motorola/Moto-G05-4GB-128GB-2x-SIM
713,/mobilni-komentari/6976/LG/Q60-Dual
714,/mobilni-komentari/p6b/Xiaomi/Redmi-12-4G-8GB-256GB
715,/mobilni-komentari/9516/ZTE/Blade-A31
716,/mobilni-komentari/2dd/Xiaomi/Redmi-Note-15-4G-6GB-128GB-2x-SIM
717,/mobilni-komentari/hzr/Xiaomi/14T-Pro-12GB-512GB-2x-SIM
718,/mobilni-komentari/cqn/Samsung/Galaxy-A15-6GB
719,/mobilni-komentari/2sj/Xiaomi/15T-Pro-12GB-512GB-2x-SIM-2x-eSIM
720,/mobilni-komentari/qm1/Xiaomi/Redmi-Note-13-Pro+-512GB
721,/mobilni-komentari/31s/Samsung/Galaxy-S25-12GB-128GB-1x-SIM-2x-eSIM
722,/mobilni-komentari/8472/OnePlus/9-Pro-12GB-256GB
723,/mobilni-komentari/zn8/Motorola/Edge-60-Pro-12GB-512GB-1x-SIM-1x-eSIM
724,/mobilni-komentari/x6l/Xiaomi/Redmi-Note-13-Pro-5G-12GB-512GB
725,/mobilni-komentari/g18/Oppo/Reno12-F-5G-8GB-256GB-2x-SIM
726,/mobilni-komentari/9787/Motorola/Moto-G22-4GB-64GB-2x-SIM
727,/mobilni-komentari/6yc/Samsung/Galaxy-A17-5G-4GB-128GB-2x-SIM
728,/mobilni-komentari/ht9/Xiaomi/Redmi-Note-14-Pro+-5G-12GB-256GB-2x-SIM
729,/mobilni-komentari/19g/Motorola/Signature-16GB-512GB-1x-SIM-1x-eSIM
730,/mobilni-komentari/5133/Alcatel/OT-1016
731,/mobilni-komentari/1vy3d/Poco/M5-6GB-128GB
732,/mobilni-komentari/09dmk/Xiaomi/Redmi-10C-3GB-64GB-2x-SIM
733,/mobilni-komentari/s19/Xiaomi/Redmi-12-4G-8GB
734,/mobilni-komentari/kf9/Apple/iPhone-17-Pro-Max-12GB-512GB-2x-eSIM
735,/mobilni-komentari/8583/OnePlus/9R-12GB-256GB
736,/mobilni-komentari/6154/Meizu/M6-32GB
737,/mobilni-komentari/3kj/Samsung/Galaxy-S25-Ultra-12GB-1TB-2x-SIM-2x-eSIM
738,/mobilni-komentari/fsz/Nothing/Phone-(4a)-8GB-128GB-2x-SIM
739,/mobilni-komentari/kc1/ZTE/Blade-A35-4GB-64GB-2x-SIM
740,/mobilni-komentari/9340/Xiaomi/Redmi-9A-Sport
741,/mobilni-komentari/9326/Huawei/nova-9
742,/mobilni-komentari/h4b/Poco/F6-12GB-512GB-2x-SIM
743,/mobilni-komentari/h2x/OnePlus/13-12GB-256GB-2x-SIM-1x-eSIM
744,/mobilni-komentari/8408/Xiaomi/Redmi-Note-10S
745,/mobilni-komentari/8240/Samsung/Galaxy-S21-Ultra-5G-256GB
746,/mobilni-komentari/5r1/Samsung/Galaxy-XCover7-Pro-6GB-128GB-1x-SIM-1x-eSIM
747,/mobilni-komentari/8079/OnePlus/8T
748,/mobilni-komentari/5hv/Poco/X8-Pro-12GB-512GB-2x-SIM
749,/mobilni-komentari/8zr/Samsung/Galaxy-A34-8GB-Dual-SIM
750,/mobilni-komentari/r8sxl/Huawei/nova-Y70
751,/mobilni-komentari/yq2/Samsung/Galaxy-A06-4GB-64GB-1x-SIM
752,/mobilni-komentari/ws9/Google/Pixel-10-Pro-16GB-512GB-1x-SIM-1x-eSIM
753,/mobilni-komentari/q8x/Apple/iPhone-15-6GB-512GB-2x-SIM
754,/mobilni-komentari/vxz/Xiaomi/Redmi-Note-14-Pro-4G-8GB-128GB-2x-SIM
755,/mobilni-komentari/vmy/Samsung/Galaxy-S24-FE-8GB-256GB-2x-SIM
756,/mobilni-komentari/29b/Xiaomi/Redmi-Note-13-Pro-4G-8GB-128GB-2x-SIM
757,/mobilni-komentari/86g/Samsung/Galaxy-S25-Edge-12GB-256GB-1x-SIM-2x-eSIM
758,/mobilni-komentari/6059/Oppo/A77
759,/mobilni-komentari/v1h/Nothing/Phone-(2a)-8GB-128GB-2x-SIM
760,/mobilni-komentari/bk4/Honor/70-Lite
761,/mobilni-komentari/8497/Xiaomi/Mi-11i
762,/mobilni-komentari/c80/Motorola/Moto-G67-4GB-128GB-1x-SIM-1x-eSIM
763,/mobilni-komentari/qc1/Samsung/Galaxy-S24-Ultra-12GB-512GB-2x-SIM-1x-eSIM
764,/mobilni-komentari/sgpzy/Xiaomi/Redmi-Note-12-5G-4GB-128GB-2x-SIM
765,/mobilni-komentari/9164/Samsung/Galaxy-A03s-4GB-64GB
766,/mobilni-komentari/sb9/Samsung/Galaxy-A57-12GB-256GB-1x-SIM-1x-eSIM
767,/mobilni-komentari/r1k/Xiaomi/13-1x-SIM-1x-eSIM
768,/mobilni-komentari/l5m/Samsung/Galaxy-Z-Fold7-12GB-256GB-2x-SIM-2x-eSIM
769,/mobilni-komentari/5192/Nokia/230-Dual-SIM
770,/mobilni-komentari/jwf/Ulefone/Armor-34-Pro-12GB-512GB-2x-SIM
771,/mobilni-komentari/2rf/Samsung/Galaxy-S26-Ultra-12GB-256GB-2x-SIM-2x-eSIM
772,/mobilni-komentari/z48/Google/Pixel-9-Pro-16GB-512GB-1x-SIM-1x-eSIM
773,/mobilni-komentari/92z/Poco/M8-Pro-8GB-512GB-2x-SIM
774,/mobilni-komentari/m24mk/Alcatel/1068D
775,/mobilni-komentari/jtv/Xiaomi/Redmi-Note-14-5G-(China)-8GB-256GB-2x-SIM
776,/mobilni-komentari/zt6/Honor/Magic5-Pro-12GB-512GB
777,/mobilni-komentari/9281/Apple/iPhone-13-Pro-Max-256GB
778,/mobilni-komentari/8508/Samsung/Galaxy-A52-5G-8GB-Dual-SIM
779,/mobilni-komentari/yk5/Xiaomi/Redmi-14C-4G-4GB-128GB-2x-SIM
780,/mobilni-komentari/9274/Apple/iPhone-13-Pro-512GB
781,/mobilni-komentari/8364/Samsung/Galaxy-A32-Dual-SIM
782,/mobilni-komentari/qdj/Samsung/Galaxy-A54-8GB-Dual-SIM
783,/mobilni-komentari/9571/Xiaomi/12-Pro-256GB
784,/mobilni-komentari/kbx/Xiaomi/Redmi-Note-12-4G-128GB
785,/mobilni-komentari/8142/Nokia/8000-4G
786,/mobilni-komentari/9886/Xiaomi/Black-Shark-5-Pro
787,/mobilni-komentari/5cg/Google/Pixel-10-Pro-16GB-256GB-1x-SIM-1x-eSIM
788,/mobilni-komentari/82x/Samsung/Galaxy-A57-8GB-256GB-1x-SIM-1x-eSIM
789,/mobilni-komentari/9472/Poco/M4-Pro-5G
790,/mobilni-komentari/w4n/Realme/C67-4G-8GB-256GB-2x-SIM
791,/mobilni-komentari/t0c/Xiaomi/Redmi-Note-13-Pro-5G-12GB-256GB-2x-SIM
792,/mobilni-komentari/pjv/Honor/Magic-V5-16GB-512GB-2x-SIM
793,/mobilni-komentari/yvy/Samsung/Galaxy-Z-Fold7-12GB-512GB-2x-SIM-2x-eSIM
794,/mobilni-komentari/8758/Wiko/Power-U10-3GB
795,/mobilni-komentari/5817/Huawei/P9-Lite-16GB-3GB-Dual
796,/mobilni-komentari/z14hv/Nokia/5710-XpressAudio-Dual-SIM
797,/mobilni-komentari/9440/Xiaomi/Redmi-Note-11-4GB-64GB-2x-SIM
798,/mobilni-komentari/m4z4w/Apple/iPhone-14-Plus
799,/mobilni-komentari/7930/Google/Pixel-4a
800,/mobilni-komentari/tkw/Honor/600-8GB-256GB-1x-SIM-1x-eSIM
801,/mobilni-komentari/c5j/Xiaomi/Redmi-Note-14-Pro+-5G-8GB-256GB-1x-SIM-1x-eSIM
802,/mobilni-komentari/9648/Samsung/Galaxy-S22+-5G-Dual-SIM
803,/mobilni-komentari/3418/Nokia/110
804,/mobilni-komentari/8pb/Google/Pixel-9-Pro-16GB-128GB-1x-SIM-1x-eSIM
805,/mobilni-komentari/5932/OnePlus/3T-128GB
806,/mobilni-komentari/0qq/Xiaomi/17-Pro-Max-16GB-512GB-2x-SIM
807,/mobilni-komentari/9282/Apple/iPhone-13-Pro-Max-512GB
808,/mobilni-komentari/9577/Samsung/Galaxy-S21-FE-5G-8GB-Dual-SIM
809,/mobilni-komentari/30j/Honor/Magic8-Lite-8GB-512GB-2x-SIM
810,/mobilni-komentari/2h5/Ulefone/Armor-28-Pro-16GB-512GB-2x-SIM
811,/mobilni-komentari/2tb/Samsung/Galaxy-S25-12GB-256GB-2x-SIM-2x-eSIM
812,/mobilni-komentari/5782/Meizu/U20-32GB
813,/mobilni-komentari/8491/Xiaomi/Mi-11-Lite-5G
814,/mobilni-komentari/zyk/Samsung/Galaxy-Z-Fold6-12GB-1TB-1x-SIM-1x-eSIM
815,/mobilni-komentari/7011/Apple/iPhone-XS-Max-64GB-Dual
816,/mobilni-komentari/qvn/Poco/X7-Pro-12GB-256GB-2x-SIM
817,/mobilni-komentari/1z82y/Ulefone/Power-Armor-16-Pro
818,/mobilni-komentari/9810/Apple/iPhone-SE-2022
819,/mobilni-komentari/29/Philips/Xenium
820,/mobilni-komentari/9641/Samsung/Galaxy-S22-5G-256GB-Dual-SIM
821,/mobilni-komentari/nxm/Apple/iPhone-16-Pro-8GB-256GB-1x-SIM-1x-eSIM
822,/mobilni-komentari/9124/Huawei/P50-Pro
823,/mobilni-komentari/gmg/Realme/C71-6GB-128GB-2x-SIM
824,/mobilni-komentari/9291/Xiaomi/11T
825,/mobilni-komentari/cp6/Samsung/Galaxy-S23-Ultra-12GB
826,/mobilni-komentari/f63/Samsung/Galaxy-A24-4G-4GB-128GB-1x-SIM
827,/mobilni-komentari/2fb/Motorola/Edge-60-12GB-512GB-1x-SIM
828,/mobilni-komentari/9mr/Realme/C71-8GB-256GB-2x-SIM
829,/mobilni-komentari/zbk/Samsung/Galaxy-Z-Fold6-12GB-256GB-1x-SIM-1x-eSIM
830,/mobilni-komentari/8439/Samsung/Galaxy-A52-8GB-256GB
831,/mobilni-komentari/9267/Apple/iPhone-13-mini-256GB
832,/mobilni-komentari/v1vg6/Apple/iPhone-14-Dual-SIM
833,/mobilni-komentari/9583/OnePlus/10-Pro-12GB-256GB
834,/mobilni-komentari/sm3/Apple/iPhone-15-Pro-8GB-128GB-2x-SIM
835,/mobilni-komentari/6611/Apple/iPhone-XS-256GB
836,/mobilni-komentari/9kw/Poco/X7-Pro-8GB-256GB-2x-SIM
837,/mobilni-komentari/m5l/Honor/X7d-4G-8GB-256GB-2x-SIM
838,/mobilni-komentari/5r4/Google/Pixel-9a-8GB-256GB-1x-SIM-1x-eSIM
839,/mobilni-komentari/96mjs/Nokia/8210-4G-Dual-SIM
840,/mobilni-komentari/wl7/Samsung/Galaxy-Z-Fold5
841,/mobilni-komentari/7796/Cat/S41
842,/mobilni-komentari/8rl/OnePlus/Nord-4-12GB-256GB-2x-SIM
843,/mobilni-komentari/hmj2m/Honor/X8-5G
844,/mobilni-komentari/txc/Samsung/Galaxy-S23-FE-2x-SIM
845,/mobilni-komentari/z66/Samsung/Galaxy-A16-5G-4GB-128GB-2x-SIM
846,/mobilni-komentari/p5p/Samsung/Galaxy-S25+-12GB-256GB-1x-SIM-2x-eSIM
847,/mobilni-komentari/8404/Realme/C21-4GB-64GB
848,/mobilni-komentari/8471/OnePlus/9-Pro
849,/mobilni-komentari/p9w/Xiaomi/Redmi-A3-3GB-64GB-2x-SIM
850,/mobilni-komentari/8057/Apple/iPhone-12-256GB
851,/mobilni-komentari/psy/OnePlus/13R-12GB-256GB-2x-SIM
852,/mobilni-komentari/90ktz/Poco/M5s
853,/mobilni-komentari/j8m/Oppo/Reno12-F-5G-12GB-512GB-2x-SIM
854,/mobilni-komentari/6486/Lenovo/K9-Note-64GB
855,/mobilni-komentari/h23/Samsung/Galaxy-S24-12GB-256GB-1x-SIM-1x-eSIM
856,/mobilni-komentari/kvj/Samsung/Galaxy-S25-FE-8GB-512GB-1x-SIM-1x-eSIM
857,/mobilni-komentari/7836/Xiaomi/Redmi-9C
858,/mobilni-komentari/td5/Samsung/Galaxy-A06-6GB-128GB-2x-SIM
859,/mobilni-komentari/03c/Nothing/Phone-(2a)-12GB-256GB-2x-SIM
860,/mobilni-komentari/4lc/Xiaomi/Redmi-A7-Pro-4GB-64GB-2x-SIM
861,/mobilni-komentari/5792/Meizu/M3X-64GB
862,/mobilni-komentari/ncy/Apple/iPhone-16-Pro-Max-8GB-256GB-2x-SIM
863,/mobilni-komentari/2k1/Xiaomi/17T-Pro-12GB-512GB-2x-SIM
864,/mobilni-komentari/fjy/Poco/F5-12GB
865,/mobilni-komentari/txz/Apple/iPhone-15-Pro-Max-8GB-512GB-1x-SIM-1x-eSIM
866,/mobilni-komentari/8387/Xiaomi/Redmi-Note-10-Pro-Max-128GB
867,/mobilni-komentari/vby/Poco/M6-5G-6GB
868,/mobilni-komentari/3mp/Apple/iPhone-16-Pro-Max-8GB-256GB-1x-SIM-2x-eSIM
869,/mobilni-komentari/7618/Xiaomi/Mi-10-Lite-5G
870,/mobilni-komentari/5rz/Xiaomi/Redmi-Note-13-Pro-5G
871,/mobilni-komentari/7788/Xiaomi/Redmi-9
872,/mobilni-komentari/5nh/Honor/400-8GB-512GB-2x-SIM-1x-eSIM
873,/mobilni-komentari/9578/Samsung/Galaxy-S21-FE-5G-8GB.-256GB-Dual-SIM
874,/mobilni-komentari/jcty7/Honor/X6
875,/mobilni-komentari/sdfl2/Xiaomi/13-Pro-12GB-256GB
876,/mobilni-komentari/8062/Apple/iPhone-12-mini-128GB
877,/mobilni-komentari/d0f/Apple/iPhone-17-Pro-Max-12GB-1TB-1x-SIM-2x-eSIM
878,/mobilni-komentari/k1y/Ulefone/Armor-X12
879,/mobilni-komentari/x7w/Apple/iPhone-17-Pro-Max-12GB-256GB-1x-SIM-2x-eSIM
880,/mobilni-komentari/hwl/Poco/M6-5G-8GB-256GB
881,/mobilni-komentari/53bb5/Xiaomi/12T
882,/mobilni-komentari/nw5/Motorola/Moto-G86-8GB-256GB-2x-SIM
883,/mobilni-komentari/cd1/Samsung/Galaxy-A17-4G-8GB-256GB-2x-SIM
884,/mobilni-komentari/dtj/Xiaomi/Redmi-Note-15-5G-6GB-128GB-2x-SIM
885,/mobilni-komentari/63mmg/Xiaomi/13-Pro-12GB-512GB
886,/mobilni-komentari/nc7/Samsung/Galaxy-S23-Ultra-Dual-SIM
887,/mobilni-komentari/2qv/Samsung/Galaxy-A35-6GB-128GB-2x-SIM
888,/mobilni-komentari/cxb56/Samsung/Galaxy-A04-64GB-Dual-SIM
889,/mobilni-komentari/9454/Cat/S42-H+
890,/mobilni-komentari/7ntc1/Xiaomi/13-256GB
891,/mobilni-komentari/7493/Realme/C3-4GB-64GB
892,/mobilni-komentari/wmc/Samsung/Galaxy-S25-12GB-512GB-2x-SIM-2x-eSIM
893,/mobilni-komentari/7651/Apple/iPhone-SE-(2020)
894,/mobilni-komentari/n4rzx/Xiaomi/12T-Pro-256GB
895,/mobilni-komentari/yzz/ZTE/Blade-A54-4GB-64GB-2x-SIM
896,/mobilni-komentari/0kw/Honor/200-Lite-8GB-256GB-2x-SIM
897,/mobilni-komentari/1s7nk/Apple/iPhone-14-256GB
898,/mobilni-komentari/dcq/Samsung/Galaxy-S23-256GB
899,/mobilni-komentari/7736/Huawei/P40-lite-5G
900,/mobilni-komentari/7140/Huawei/Nova-5T-6GB-128GB
901,/mobilni-komentari/75h/Motorola/Moto-G04-4GB-64GB-2x-SIM
902,/mobilni-komentari/12c/Motorola/Edge-30-8GB
903,/mobilni-komentari/cyj/Honor/400-Lite-8GB-256GB-2x-SIM
904,/mobilni-komentari/6h8/Samsung/Galaxy-Xcover7-6GB-128GB-2x-SIM
905,/mobilni-komentari/qrk/Xiaomi/Redmi-Note-15-Pro-5G-8GB-256GB-2x-SIM
906,/mobilni-komentari/g1q/Samsung/Galaxy-S24-Ultra-12GB-256GB-2x-SIM-1x-eSIM
907,/mobilni-komentari/7380/Alcatel/1B-(2020)
908,/mobilni-komentari/s60/Samsung/Galaxy-Z-Flip5
909,/mobilni-komentari/7251/Xiaomi/Redmi-Note-8-Pro-64GB
910,/mobilni-komentari/0p3/Motorola/Moto-G34-4GB-64GB-2x-SIM
911,/mobilni-komentari/mgglz/Xiaomi/Redmi-12C-6GB-128GB-2x-SIM
912,/mobilni-komentari/7205/Xiaomi/Mi-9-Lite-64GB
913,/mobilni-komentari/hc4/Samsung/Galaxy-A24-4G-6GB-128GB-1x-SIM
914,/mobilni-komentari/9414/Google/Pixel-6-Pro
915,/mobilni-komentari/9v4/Top-Phone/F1-2024-2x-SIM
916,/mobilni-komentari/8001/Xiaomi/Poco-X3-128GB
917,/mobilni-komentari/r29/Xiaomi/17T-12GB-512GB-2x-SIM
918,/mobilni-komentari/8f2/Nothing/Phone-(3a)-Pro-12GB-256GB-2x-SIM-2x-eSIM
919,/mobilni-komentari/8l1/Motorola/Edge-50-Fusion-8GB-256GB-2x-SIM
920,/mobilni-komentari/8150/Samsung/Galaxy-A12-4GB-64GB
921,/mobilni-komentari/5948/Xiaomi/Mi-5s-128GB
922,/mobilni-komentari/0jg/Honor/90-12GB-256GB-1x-SIM-1x-eSIM
923,/mobilni-komentari/y8r/Tecno/Spark-30-5G-8GB-256GB-2x-SIM
924,/mobilni-komentari/f5n/Sony/Xperia-5-V
925,/mobilni-komentari/9111/OnePlus/Nord-2-5G-12GB-256GB
926,/mobilni-komentari/xg7/Samsung/Galaxy-A55-6GB-128GB-1x-SIM
927,/mobilni-komentari/md63z/Apple/iPhone-14-512GB-Dual-SIM
928,/mobilni-komentari/k19/Motorola/Moto-G24-Power-4GB-128GB-2x-SIM
929,/mobilni-komentari/7220/Hisense/Infinity-Rock-5
930,/mobilni-komentari/9528/Xiaomi/Redmi-Note-11-4G-6GB
931,/mobilni-komentari/9100/Cubot/Note-7
932,/mobilni-komentari/dx2/Samsung/Galaxy-A57-8GB-256GB-2x-SIM-2x-eSIM
933,/mobilni-komentari/q1s/Oukitel/WP32
934,/mobilni-komentari/q2f/Samsung/Galaxy-A26-6GB-128GB-2x-SIM
935,/mobilni-komentari/9814/Xiaomi/Redmi-Note-11-Pro+-5G-(India)-128GB
936,/mobilni-komentari/0cbb6/Samsung/Galaxy-S-III-T999-32GB
937,/mobilni-komentari/mq7/Apple/iPhone-16-Plus-8GB-128GB-1x-SIM-1x-eSIM
938,/mobilni-komentari/zbg/Apple/iPhone-15-Pro-8GB-512GB-1x-SIM-1x-eSIM
939,/mobilni-komentari/dj1/Motorola/Edge-40-Neo-256GB
940,/mobilni-komentari/9204/Samsung/Galaxy-A52s-5G-8GB-256GB-1x-SIM
941,/mobilni-komentari/6906/Huawei/P30-Pro-6GB-128GB
942,/mobilni-komentari/9894/Honor/Magic4-Lite
943,/mobilni-komentari/r0d/Tecno/Spark-20-Pro
944,/mobilni-komentari/9944/Xiaomi/Redmi-10A-3GB-64GB
945,/mobilni-komentari/8233/Samsung/Galaxy-S21+-5G
946,/mobilni-komentari/cn7/Samsung/Galaxy-A05-4GB-128GB-1x-SIM
947,/mobilni-komentari/btp/Samsung/Galaxy-A25
948,/mobilni-komentari/7709/Oukitel/WP5
949,/mobilni-komentari/8478/Realme/8
950,/mobilni-komentari/rvv/Google/Pixel-8a-8GB-128GB-1x-SIM-1x-eSIM
951,/mobilni-komentari/9125/Huawei/P50-Pro-256GB
952,/mobilni-komentari/0vp/Apple/iPhone-16-Pro-Max-8GB-512GB-1x-SIM-2x-eSIM
953,/mobilni-komentari/r3s/HMD/Pulse-Pro-8GB-128GB-1x-SIM
954,/mobilni-komentari/09b33/Meizu/MX4-16GB
955,/mobilni-komentari/dwy/Oppo/Reno12-12GB-256GB-2x-SIM
956,/mobilni-komentari/5793/Alcatel/2008G
957,/mobilni-komentari/9205/Samsung/Galaxy-A52s-5G-6GB-128GB-2x-SIM
958,/mobilni-komentari/9444/Xiaomi/Redmi-Note-11-Pro-4G-6GB-64GB-2x-SIM
959,/mobilni-komentari/nfs/Samsung/Galaxy-A16-4GB-128GB-1x-SIM
960,/mobilni-komentari/6l6/Xiaomi/Redmi-A3-4GB-128GB-2x-SIM
961,/mobilni-komentari/xzl/Honor/200-Pro-12GB-512GB-2x-SIM
962,/mobilni-komentari/m1n/Samsung/Galaxy-XCover7-Pro-6GB-128GB-2x-SIM
963,/mobilni-komentari/dlgwl/Xiaomi/12T-Pro-12GB-256GB
964,/mobilni-komentari/xnjcm/Xiaomi/Redmi-Note-12-Pro
965,/mobilni-komentari/6566/Meizu/16-Plus-256GB
966,/mobilni-komentari/g3p/Samsung/Galaxy-A57-8GB-128GB-1x-SIM-1x-eSIM
967,/mobilni-komentari/4136/Alcatel/One-Touch-Idol-2-Dual-OT-6037k
968,/mobilni-komentari/7818/Alcatel/1SE-4GB-64GB
969,/mobilni-komentari/9445/Xiaomi/Redmi-Note-11-Pro-4G-6GB-128GB-2x-SIM
970,/mobilni-komentari/9627/Wiko/Y62-Plus
971,/mobilni-komentari/0cbc5/Samsung/Galaxy-S-III-CDMA-32GB
972,/mobilni-komentari/5586/Huawei/P9-Lite-16GB-2GB-Dual
973,/mobilni-komentari/trxcj/Samsung/Galaxy-Z-Flip4-256GB
974,/mobilni-komentari/2bd40/HTC/Desire-12-3GB-32GB
975,/mobilni-komentari/yhg/Oppo/Reno10
976,/mobilni-komentari/9262/Apple/iPhone-13-512GB
977,/mobilni-komentari/rp21x/Honor/X6-128GB
978,/mobilni-komentari/d5v/Samsung/Galaxy-S24-Ultra-12GB-1TB-2x-SIM-1x-eSIM
979,/mobilni-komentari/5n2/Samsung/Galaxy-S24+-12GB-512GB-1x-SIM-1x-eSIM
980,/mobilni-komentari/fqb/Samsung/Galaxy-A15-6GB-2x-SIM
981,/mobilni-komentari/qbw/Samsung/Galaxy-A37-12GB-256GB-2x-SIM-2x-eSIM
982,/mobilni-komentari/flw/Honor/90-Lite-4GB-256GB-2x-SIM
983,/mobilni-komentari/5tx/Tecno/Spark-Go-2023-4GB-64B
984,/mobilni-komentari/h7h/Samsung/Galaxy-A35-8GB-256GB-1x-SIM-1x-eSIM
985,/mobilni-komentari/8wg/Samsung/Galaxy-M55s-8GB-128GB-2x-SIM
986,/mobilni-komentari/b0f/Xiaomi/13T-12GB-2x-SIM
987,/mobilni-komentari/94l/Samsung/Galaxy-A07-4G-6GB-128GB-2x-SIM
988,/mobilni-komentari/9663/Samsung/Galaxy-S22-Ultra-5G-Snapdragon-8-Gen-1-12GB-256GB
989,/mobilni-komentari/81w/TCL/40-SE-6GB-256GB-2x-SIM
990,/mobilni-komentari/52y/Oppo/Find-N5-16GB-512GB-2x-SIM
991,/mobilni-komentari/xxb/Samsung/Galaxy-A04-Core-Dual-SIM
992,/mobilni-komentari/bm5/Honor/X8b-512GB
993,/mobilni-komentari/7ypc5/Google/Pixel-7-Pro-12GB
994,/mobilni-komentari/tdv/Samsung/Galaxy-A34-Dual-SIM
995,/mobilni-komentari/v15/Poco/X8-Pro-8GB-512GB-2x-SIM
996,/mobilni-komentari/y78/Motorola/Razr-60-Ultra-12GB-512GB-2x-SIM
997,/mobilni-komentari/5xn/Xiaomi/Redmi-A2
998,/mobilni-komentari/3sh/Samsung/Galaxy-A14-128GB-Dual-SIM
999,/mobilni-komentari/9rh/Poco/M6-Pro-4G-12GB-512GB-2x-SIM
1000,/mobilni-komentari/8031/Xiaomi/Mi-10T-Pro-5G
1001,/mobilni-komentari/1d9/Poco/F8-Ultra-16GB-512GB-2x-SIM-2x-eSIM
1002,/mobilni-komentari/r1t/Google/Pixel-8-Pro-256GB
1003,/mobilni-komentari/y94s0/Apple/iPhone-14-Pro
1004,/mobilni-komentari/8714/Honor/50
1005,/mobilni-komentari/qsl/Honor/400-8GB-256GB-1x-SIM-1x-eSIM
1006,/mobilni-komentari/9892/Realme/C31
1007,/mobilni-komentari/w1g/Poco/M8-Pro-8GB-256GB-2x-SIM
1008,/mobilni-komentari/6g8/Samsung/Galaxy-S24+-12GB-512GB-2x-SIM-1x-eSIM
1009,/mobilni-komentari/8442/Samsung/Galaxy-A52-8GB-Dual-SIM
1010,/mobilni-komentari/9654/Samsung/Galaxy-S22-Ultra-5G
1011,/mobilni-komentari/8405/Samsung/Galaxy-Xcover-5
1012,/mobilni-komentari/5588/Meizu/MX6
1013,/mobilni-komentari/wll/Honor/90-8GB-256GB-2x-SIM
1014,/mobilni-komentari/bjh/Apple/iPhone-17e-8GB-256GB-1x-SIM-2x-eSIM
1015,/mobilni-komentari/bb5/Apple/iPhone-15-6GB-256GB-2x-SIM
1016,/mobilni-komentari/4dk/Samsung/Galaxy-A05-4GB-128GB-2x-SIM
1017,/mobilni-komentari/8nfl9/HTC/Desire-22-Pro
1018,/mobilni-komentari/7701/Xiaomi/Mi-Note-10-Lite
1019,/mobilni-komentari/8260/Alcatel/1S-2021
1020,/mobilni-komentari/mm0/Samsung/Galaxy-A17-4G-4GB-128GB-2x-SIM
1021,/mobilni-komentari/9619/Xiaomi/Redmi-Note-11S-4G
1022,/mobilni-komentari/7xt/Poco/X7-8GB-128GB-2x-SIM
1023,/mobilni-komentari/1fybn/Xiaomi/12T-256GB
1024,/mobilni-komentari/8490/Xiaomi/Mi-11-Lite-8GB-128GB
1025,/mobilni-komentari/krp/Xiaomi/Redmi-Note-14-Pro+-5G-8GB-256GB-2x-SIM
1026,/mobilni-komentari/qhr/Realme/C67-4G-6GB-128GB-2x-SIM
1027,/mobilni-komentari/6jy/Samsung/Galaxy-A14-6GB-128GB
1028,/mobilni-komentari/9268/Apple/iPhone-13-mini-512GB
1029,/mobilni-komentari/4yr/Samsung/Galaxy-A16-6GB-128GB-2x-SIM
1030,/mobilni-komentari/0xt/Xiaomi/Redmi-Note-13-4G-6GB-128GB-2x-SIM
1031,/mobilni-komentari/07df7/ZTE/Nubia-Z18-Mini
1032,/mobilni-komentari/2beac/HTC/U11-Life
1033,/mobilni-komentari/75y4r/Xiaomi/Redmi-12C-4GB-64GB-2x-SIM
1034,/mobilni-komentari/r05/Samsung/Galaxy-S26-Ultra-16GB-1TB-2x-SIM-2x-eSIM
1035,/mobilni-komentari/hjz/Xiaomi/Redmi-Note-14-Pro+-5G-12GB-512GB-1x-SIM-1x-eSIM
1036,/mobilni-komentari/dv1/Xiaomi/Redmi-Note-14-Pro-5G-8GB-256GB-1x-SIM-1x-eSIM
1037,/mobilni-komentari/7431/Samsung/Galaxy-S20+-Dual-SIM
1038,/mobilni-komentari/8531/OnePlus/9-Pro-256GB
1039,/mobilni-komentari/ntr/Apple/iPhone-17-Pro-12GB-512GB-2x-eSIM
1040,/mobilni-komentari/p7f/Xiaomi/Redmi-Note-15-Pro-4G-12GB-512GB-2x-SIM
1041,/mobilni-komentari/59f/Huawei/Pura-80-Pro-12GB-512GB-2x-SIM
1042,/mobilni-komentari/k5h/Ulefone/Armor-26-Ultra-12GB-512GB-2x-SIM
1043,/mobilni-komentari/wsh/Xiaomi/Redmi-Note-12T-Pro-256GB
1044,/mobilni-komentari/1lp/Apple/iPhone-17-Pro-Max-12GB-256GB-2x-eSIM
1045,/mobilni-komentari/mc49y/Motorola/Moto-G73-8GB-128GB-2x-SIM
1046,/mobilni-komentari/9971/Huawei/nova-Y90
1047,/mobilni-komentari/r7k/Samsung/Galaxy-Z-Fold7-16GB-1TB-2x-SIM-2x-eSIM
1048,/mobilni-komentari/060ac/Sony/Xperia-XA2-Ultra-32GB
1049,/mobilni-komentari/9649/Samsung/Galaxy-S22+-5G-256GB-Dual-SIM
1050,/mobilni-komentari/7f9/Samsung/Galaxy-M17-8GB-128GB-2x-SIM
1051,/mobilni-komentari/lr3/Oukitel/WP28-S-4GB-128GB-1x-SIM
1052,/mobilni-komentari/d2f/Honor/X8a-8GB
1053,/mobilni-komentari/9770/Poco/M4-Pro-8GB-256GB
1054,/mobilni-komentari/z7t/Xiaomi/Redmi-15C-4G-4GB-256GB-2x-SIM
1055,/mobilni-komentari/6835/Sony/Xperia-1-128GB
1056,/mobilni-komentari/vrn/Samsung/Galaxy-S25-Edge-12GB-512GB-2x-SIM-2x-eSIM
1057,/mobilni-komentari/x9p/Samsung/Galaxy-S23+
1058,/mobilni-komentari/5818/Samsung/Galaxy-Tab-S2-8.0-T719
1059,/mobilni-komentari/01w/Poco/F8-Pro-12GB-256GB-2x-SIM-2x-eSIM
1060,/mobilni-komentari/y5j/Honor/90-12GB-512GB-1x-SIM-1x-eSIM
1061,/mobilni-komentari/tqv/Samsung/Galaxy-S25-12GB-512GB-1x-SIM-2x-eSIM
1062,/mobilni-komentari/4pn/Apple/iPhone-17-Pro-12GB-256GB-2x-eSIM
1063,/mobilni-komentari/69j/Ulefone/Armor-X31-Pro-8GB-256GB-2x-SIM
1064,/mobilni-komentari/cy4/Realme/C53-8GB-256GB
1065,/mobilni-komentari/zj6/Xiaomi/13T-Pro-16GB-1TB
1066,/mobilni-komentari/8715/Honor/50-8GB-256GB
1067,/mobilni-komentari/s8k/Samsung/Galaxy-M15-4GB-128GB-2x-SIM
1068,/mobilni-komentari/bj9/Poco/F5-Pro
1069,/mobilni-komentari/vp3/Motorola/Moto-G72-8GB-Dual-SIM
1070,/mobilni-komentari/7jg/Oppo/Reno13-F-5G-8GB-256GB-2x-SIM
1071,/mobilni-komentari/gz0/Honor/Magic5-Pro
1072,/mobilni-komentari/8jp/Oppo/A80-8GB-128GB-2x-SIM
1073,/mobilni-komentari/j51/Nokia/110-2023-2x-SIM
1074,/mobilni-komentari/jw6/OnePlus/Nord-CE4-Lite-8GB-256GB-2x-SIM
1075,/mobilni-komentari/8056/Apple/iPhone-12-128GB
1076,/mobilni-komentari/y2j/Google/Pixel-9-12GB-256GB-1x-SIM-1x-eSIM
1077,/mobilni-komentari/m34/Honor/90-Lite-8GB-256GB-2x-SIM
1078,/mobilni-komentari/9216/Panasonic/KX-TU456EX
1079,/mobilni-komentari/7369/Samsung/Galaxy-S10-Lite
1080,/mobilni-komentari/9280/Apple/iPhone-13-Pro-Max
1081,/mobilni-komentari/1p0/Samsung/Galaxy-S23-FE-256GB-2x-SIM
1082,/mobilni-komentari/ckx/Samsung/Galaxy-A55-8GB-256GB-2x-SIM
1083,/mobilni-komentari/2l2/Samsung/Galaxy-S24-8GB-256GB-2x-SIM-1x-eSIM
1084,/mobilni-komentari/yjt/Google/Pixel-8
1085,/mobilni-komentari/9tw/Samsung/Galaxy-S25-FE-8GB-256GB-1x-SIM-1x-eSIM
1086,/mobilni-komentari/f7q/Oppo/Reno12-Pro-12GB-512GB-2x-SIM
1087,/mobilni-komentari/4x4/Samsung/Galaxy-S25-FE-8GB-256GB-1x-SIM
1088,/mobilni-komentari/z47/Samsung/Galaxy-A25-8GB-256GB-2x-SIM
1089,/mobilni-komentari/9yz/OnePlus/Nord-CE5-8GB-256GB-2x-SIM
1090,/mobilni-komentari/17d/Nothing/Phone-(2a)-Plus-12GB-256GB-2x-SIM
1091,/mobilni-komentari/8336/Samsung/Galaxy-A02-3GB-64GB-Dual-SIM
1092,/mobilni-komentari/zt4/Xiaomi/Redmi-Note-12S-8GB-256GB
1093,/mobilni-komentari/w71/Samsung/Galaxy-S25-Ultra-12GB-512GB-1x-SIM-2x-eSIM
1094,/mobilni-komentari/098b8/Meizu/M5-Note-16GB
1095,/mobilni-komentari/7498/Xiaomi/Mi-10-Pro-5G-12GB
1096,/mobilni-komentari/2mf/Samsung/Galaxy-S23-FE-1x-SIM-1x-eSIM
1097,/mobilni-komentari/3sq/Xiaomi/Redmi-Note-14-5G-8GB-256GB-2x-SIM
1098,/mobilni-komentari/66y/Samsung/Galaxy-S25+-12GB-512GB-2x-SIM-2x-eSIM
1099,/mobilni-komentari/9812/Apple/iPhone-SE-2022-256GB
1100,/mobilni-komentari/wsd/Xiaomi/14T-Pro-12GB-256GB-2x-SIM
1101,/mobilni-komentari/7175/Apple/iPhone-11-Pro-Max-512GB
1102,/mobilni-komentari/sbw/Apple/iPhone-16-Pro-Max-8GB-1TB-1x-SIM-2x-eSIM
1103,/mobilni-komentari/6875/Huawei/Y6-(2019)
1104,/mobilni-komentari/p0r/Poco/F6-Pro-12GB-512GB-2x-SIM
1105,/mobilni-komentari/wgz/Poco/F7-12GB-512GB-2x-SIM
1106,/mobilni-komentari/y4j/Nothing/Phone-(3)-12GB-256GB-2x-SIM-1x-eSIM
1107,/mobilni-komentari/66m/Samsung/Galaxy-S24-FE-8GB-256GB-1x-SIM
1108,/mobilni-komentari/9858/Xiaomi/Redmi-10C-4GB-128GB-2x-SIM
1109,/mobilni-komentari/r9g/Xiaomi/14-Ultra-16GB-512GB-2x-SIM
1110,/mobilni-komentari/64f/Ulefone/Armor-30-Pro-16GB-512GB-2x-SIM
1111,/mobilni-komentari/9857/Xiaomi/Redmi-10C-4GB-64GB-2x-SIM
1112,/mobilni-komentari/8ym/Ulefone/Armor-X32-Pro-8GB-256GB-2x-SIM
1113,/mobilni-komentari/mq2/Samsung/Galaxy-S26-12GB-256GB-2x-SIM-2x-eSIM
1114,/mobilni-komentari/5k3/Apple/iPhone-16-8GB-128GB-2x-SIM
1115,/mobilni-komentari/jb1/Xiaomi/Redmi-Note-15-Pro-5G-8GB-512GB-2x-SIM
1116,/mobilni-komentari/9934/Sony/Xperia-1-IV
1117,/mobilni-komentari/9590/Huawei/P50-Pocket
1118,/mobilni-komentari/gtt/Samsung/Galaxy-A37-12GB-256GB-1x-SIM-1x-eSIM
1119,/mobilni-komentari/khb/Samsung/Galaxy-S23
1120,/mobilni-komentari/7702/Xiaomi/Mi-Note-10-Lite-8GB-128GB
1121,/mobilni-komentari/yv2/Poco/M7-Pro-5G-6GB-128GB-2x-SIM
1122,/mobilni-komentari/4pr6v/Xiaomi/13-12GB-256GB
1123,/mobilni-komentari/9955/Honor/70
1124,/mobilni-komentari/3tr/Samsung/Galaxy-S24-FE-8GB-128GB-1x-SIM-1x-eSIM
1125,/mobilni-komentari/n0t/Nothing/Phone-(2)-12GB-512GB
1126,/mobilni-komentari/9791/Samsung/Galaxy-A13-Dual-SIM
1127,/mobilni-komentari/9570/Xiaomi/12-Pro
1128,/mobilni-komentari/m2t/OnePlus/15R-12GB-512GB-2x-SIM
1129,/mobilni-komentari/8450/Samsung/Galaxy-A72-Dual-SIM
1130,/mobilni-komentari/hfy/OnePlus/15-16GB-512GB-2x-SIM
1131,/mobilni-komentari/ln27d/Apple/iPhone-14-Plus-256GB
1132,/mobilni-komentari/05d34/Oppo/R11-6GB-128GB-Dual-SIM
1133,/mobilni-komentari/7180/Apple/iPhone-11-128GB
1134,/mobilni-komentari/9953/Samsung/Galaxy-M13-128GB
1135,/mobilni-komentari/9219/Wiko/Power-U20-64GB
1136,/mobilni-komentari/9215/OnePlus/Nord-2-5G-8GB
1137,/mobilni-komentari/y11/Apple/iPhone-17-8GB-512GB-2x-eSIM
1138,/mobilni-komentari/npl/Samsung/Galaxy-A55-12GB-256GB-2x-SIM
1139,/mobilni-komentari/jgg/Samsung/Galaxy-A36-6GB-128GB-2x-SIM-2x-eSIM
1140,/mobilni-komentari/9338/Xiaomi/Redmi-9i-Sport
1141,/mobilni-komentari/3r9/Oukitel/WP53-8GB-128GB-2x-SIM
1142,/mobilni-komentari/j7rms/Apple/iPhone-14-Pro-Max-512GB
1143,/mobilni-komentari/q8k/Xiaomi/Redmi-Note-14-Pro-4G-8GB-256GB-2x-SIM
1144,/mobilni-komentari/dgq6r/Apple/iPhone-14-256GB-Red
1145,/mobilni-komentari/xxk/Honor/200-12GB-512GB-1x-SIM-1x-eSIM
1146,/mobilni-komentari/2bcc7/HTC/Desire-12-Dual-SIM
1147,/mobilni-komentari/pt4qv/Apple/iPhone-14-Pro-Max
1148,/mobilni-komentari/zyd/Tecno/Spark-8C-4GB-128GB-2x-SIM
1149,/mobilni-komentari/97pc1/Poco/M5
1150,/mobilni-komentari/6t8wm/Poco/M5s-128GB
1151,/mobilni-komentari/9639/Samsung/Galaxy-S22-5G-256GB
1152,/mobilni-komentari/l6f/Motorola/Moto-G56-12GB-512GB-2x-SIM
1153,/mobilni-komentari/6733/Alcatel/1066D
1154,/mobilni-komentari/9420/Xiaomi/Redmi-9C-4GB-128GB
1155,/mobilni-komentari/9568/Xiaomi/12-256GB
1156,/mobilni-komentari/9718/OnePlus/10-Pro-12GB-512GB
1157,/mobilni-komentari/m5s/Tecno/Camon-19-6GB
1158,/mobilni-komentari/t5j/Honor/X6b-4G-6GB-256GB-2x-SIM
1159,/mobilni-komentari/9655/Samsung/Galaxy-S22-Ultra-5G-12GB-256GB
1160,/mobilni-komentari/nwz/Realme/GT-7-12GB-256GB-2x-SIM-1x-eSIM
1161,/mobilni-komentari/v8g/Motorola/Razr-40-Ultra-2x-SIM
1162,/mobilni-komentari/30k/Samsung/Galaxy-A55-6GB-128GB-2x-SIM
1163,/mobilni-komentari/qln/Nokia/150-2023
1164,/mobilni-komentari/9696/Samsung/Galaxy-S21-FE-5G-Exynos-2100-Dual-SIM
1165,/mobilni-komentari/8390/Xiaomi/Redmi-Note-10-Pro-128GB
1166,/mobilni-komentari/xv9/Poco/F8-Ultra-16GB-512GB-2x-SIM-1x-eSIM
1167,/mobilni-komentari/7605/Huawei/P40-8GB
1168,/mobilni-komentari/h9874/Apple/iPhone-14-256GB-Dual-SIM
1169,/mobilni-komentari/nk1/Apple/iPhone-15-Plus-6GB-128GB-1x-SIM-1x-eSIM
1170,/mobilni-komentari/84d/Samsung/Galaxy-A55-12GB-256GB-1x-SIM
1171,/mobilni-komentari/7108/Xiaomi/Mi-9T-Pro-64GB
1172,/mobilni-komentari/9102/Nokia/6310-2021
1173,/mobilni-komentari/jd1/Samsung/Galaxy-S24-Ultra-12GB-1TB-1x-SIM-1x-eSIM
1174,/mobilni-komentari/rhy/Huawei/nova-Y90-6GB-2x-SIM
1175,/mobilni-komentari/fpk/Motorola/Moto-G73-8GB-256GB-2x-SIM
1176,/mobilni-komentari/fjv/Samsung/Galaxy-A36-8GB-256GB-2x-SIM-2x-eSIM
1177,/mobilni-komentari/4f3/Samsung/Galaxy-A14-128GB
1178,/mobilni-komentari/zf1/Samsung/Galaxy-A05s-4GB-64GB-2x-SIM
1179,/mobilni-komentari/6n9/Xiaomi/Redmi-Note-13-Pro-4G-8GB-512GB-2x-SIM
1180,/mobilni-komentari/yrz/Ulefone/Armor-22
1181,/mobilni-komentari/7789/Xiaomi/Redmi-9-4GB-64GB
1182,/mobilni-komentari/7006/Panasonic/KX-TU110EX
1183,/mobilni-komentari/jrx/Poco/M6-Pro-4G-8GB-256GB-2x-SIM
1184,/mobilni-komentari/y5y/Poco/X6-8GB-256GB-2x-SIM
1185,/mobilni-komentari/gk7/Samsung/Galaxy-M36-8GB-256GB-2x-SIM
1186,/mobilni-komentari/m00/Samsung/Galaxy-A16-4GB-128GB-2x-SIM
1187,/mobilni-komentari/8008/Samsung/Galaxy-S20-FE-Dual-SIM
1188,/mobilni-komentari/kjm/Xiaomi/Redmi-Note-13-Pro-5G-256GB
1189,/mobilni-komentari/41g/Tecno/Spark-30C-8GB-256GB-2x-SIM
1190,/mobilni-komentari/l3c/Ulefone/Armor-Mini-20-Pro-8GB-256GB-2x-SIM
1191,/mobilni-komentari/4zp/Samsung/Galaxy-S24-8GB-256GB-1x-SIM-1x-eSIM
1192,/mobilni-komentari/f0n/Motorola/Moto-G54-Power-256GB-2x-SIM
1193,/mobilni-komentari/9sx/Google/Pixel-9-Pro-XL-16GB-256GB-1x-SIM-1x-eSIM
1194,/mobilni-komentari/t16/Samsung/Galaxy-S25-FE-8GB-256GB-2x-SIM
1195,/mobilni-komentari/8382/Xiaomi/Redmi-Note-10-128GB
1196,/mobilni-komentari/scy/Samsung/Galaxy-A26-8GB-128GB-2x-SIM
1197,/mobilni-komentari/8528/Samsung/Galaxy-A02s-3GB
1198,/mobilni-komentari/w2n/Google/Pixel-Fold
1199,/mobilni-komentari/7181/Apple/iPhone-11-256GB
1200,/mobilni-komentari/9b8/Samsung/Galaxy-S26-12GB-512GB-2x-SIM-2x-eSIM
1201,/mobilni-komentari/9495/Motorola/Moto-G31-Dual-SIM
1202,/mobilni-komentari/57j/Samsung/Galaxy-A06-5G-4GB-128GB-2x-SIM
1203,/mobilni-komentari/8024/Oukitel/C19
1204,/mobilni-komentari/j31/Xiaomi/17T-Pro-12GB-256GB-2x-SIM
1205,/mobilni-komentari/8379/Realme/GT-5G
1206,/mobilni-komentari/q8f/Oppo/Reno14-F-8GB-256GB-2x-SIM
1207,/mobilni-komentari/kzz/Samsung/Galaxy-A35-8GB-128GB-2x-SIM
1208,/mobilni-komentari/9624/Xiaomi/Redmi-Note-11-Pro-5G-8GB-128GB
1209,/mobilni-komentari/9535/Panasonic/KX-TU155
1210,/mobilni-komentari/9299/Oukitel/WP12-Pro
1211,/mobilni-komentari/mxd/Samsung/Galaxy-A25-8GB-2x-SIM
1212,/mobilni-komentari/h0x/Xiaomi/15T-12GB-512GB-2x-SIM
1213,/mobilni-komentari/9612/Cat/S62
1214,/mobilni-komentari/87w/Honor/400-Pro-12GB-256GB-1x-SIM-1x-eSIM
1215,/mobilni-komentari/9640/Samsung/Galaxy-S22-5G-Dual-SIM
1216,/mobilni-komentari/0cbde/Samsung/Ativ-S-I8750
1217,/mobilni-komentari/2pg/Xiaomi/Redmi-Note-14-4G-8GB-256GB-2x-SIM
1218,/mobilni-komentari/9848/Samsung/Galaxy-A73-5G-8GB
1219,/mobilni-komentari/g92/Honor/Magic7-Pro-12GB-512GB-2x-SIM
1220,/mobilni-komentari/6j8/Honor/600-Lite-8GB-256GB-2x-SIM-1x-eSIM
1221,/mobilni-komentari/09c8b/Lenovo/K8-Plus-4GB
1222,/mobilni-komentari/xxm/Honor/X7d-5G-8GB-256GB-2x-SIM
1223,/mobilni-komentari/7sdd5/Cat/S53
1224,/mobilni-komentari/x7s/Apple/iPhone-16-Pro-8GB-512GB-2x-SIM
1225,/mobilni-komentari/nmh/Xiaomi/Redmi-13C-4G-6GB
1226,/mobilni-komentari/hyk/Samsung/Galaxy-Z-Fold5-512GB-2x-SIM-1x-eSIM
1227,/mobilni-komentari/29z/Honor/90-16GB-512GB-1x-SIM-1x-eSIM
1228,/mobilni-komentari/lxb/Apple/iPhone-16-Pro-8GB-1TB-1x-SIM-1x-eSIM
1229,/mobilni-komentari/fbd/Honor/X8a
1230,/mobilni-komentari/9552/Xiaomi/Redmi-9A-3GB
1231,/mobilni-komentari/qdc/Samsung/Galaxy-A14-5G-128GB-Dual-SIM
1232,/mobilni-komentari/gcs/ZTE/Blade-A73-5G
1233,/mobilni-komentari/6702/Samsung/Galaxy-A6s-128GB
1234,/mobilni-komentari/z50/Motorola/Razr-50-Ultra-12GB-512GB-1x-SIM-1x-eSIM
1235,/mobilni-komentari/5nb/Poco/X7-8GB-256GB-2x-SIM
1236,/mobilni-komentari/65z/Samsung/Galaxy-A15-2x-SIM
1237,/mobilni-komentari/x24/Honor/X6a
1238,/mobilni-komentari/ch0/Xiaomi/Redmi-15C-4G-8GB-256GB-2x-SIM
1239,/mobilni-komentari/8685/Samsung/Galaxy-A22-Dual-SIM
1240,/mobilni-komentari/hng/Motorola/Edge-50-Fusion-8GB-128GB-2x-SIM
1241,/mobilni-komentari/s21/Samsung/Galaxy-A06-6GB-128GB-1x-SIM
1242,/mobilni-komentari/g4v/Xiaomi/14T-Pro-12GB-1TB-2x-SIM
1243,/mobilni-komentari/2d7c8/Nokia/7
1244,/mobilni-komentari/js0/Samsung/Galaxy-A54-8GB-256GB-Dual-SIM
1245,/mobilni-komentari/4t3/Xiaomi/Redmi-Note-15-Pro+-5G-8GB-256GB-2x-SIM
1246,/mobilni-komentari/4qv/Apple/iPhone-15-Pro-Max-8GB-1TB-1x-SIM-1x-eSIM
1247,/mobilni-komentari/dlb/Samsung/Galaxy-A16-6GB-256GB-2x-SIM
1248,/mobilni-komentari/hjy/Oppo/Find-X9-16GB-512GB-1x-SIM-1x-eSIM
1249,/mobilni-komentari/9881/Xiaomi/Redmi-Note-11S-5G
1250,/mobilni-komentari/hfk/Nokia/230-2024-2x-SIM
1251,/mobilni-komentari/gbt/Xiaomi/17-Pro-Max-12GB-512GB-2x-SIM
1252,/mobilni-komentari/2921/ZTE/Blade
1253,/mobilni-komentari/zp4/Poco/M8-8GB-256GB-2x-SIM
1254,/mobilni-komentari/hx5/Samsung/Galaxy-A24-4G-4GB-128GB-2x-SIM
1255,/mobilni-komentari/yvf/Honor/400-12GB-256GB-1x-SIM-1x-eSIM
1256,/mobilni-komentari/16p/Samsung/Galaxy-A15
1257,/mobilni-komentari/9672/Realme/C35
1258,/mobilni-komentari/y81/Xiaomi/Redmi-Note-13-4G-8GB-512GB-2x-SIM
1259,/mobilni-komentari/qfj/Honor/600-Pro-12GB-512GB-1x-SIM-1x-eSIM
1260,/mobilni-komentari/7214/Nokia/110-(2019)
1261,/mobilni-komentari/g10/Samsung/Galaxy-A26-8GB-256GB-2x-SIM
1262,/mobilni-komentari/9177/Xiaomi/Redmi-10
1263,/mobilni-komentari/gzw/Honor/Magic8-Pro-12GB-256GB-1x-SIM-1x-eSIM
1264,/mobilni-komentari/qt4/Samsung/Galaxy-A16-5G-8GB-256GB-1x-SIM
1265,/mobilni-komentari/9g5/Oppo/A6x-5G-4GB-128GB-2x-SIM
1266,/mobilni-komentari/t5hjg/OnePlus/11
1267,/mobilni-komentari/9fs/Honor/200-8GB-256GB-2x-SIM
1268,/mobilni-komentari/9798/Samsung/Galaxy-M33-Dual-SIM
1269,/mobilni-komentari/7w3/Sony/Xperia-1-V
1270,/mobilni-komentari/7mf/Samsung/Galaxy-S25-FE-8GB-128GB-2x-SIM
1271,/mobilni-komentari/7g0/Ulefone/Armor-27T-12GB-256GB-2x-SIM
1272,/mobilni-komentari/7195/Nokia/800-Tough
1273,/mobilni-komentari/q41/Motorola/Moto-G24-4GB-128GB-2x-SIM
1274,/mobilni-komentari/f0h/Samsung/Galaxy-A17-4G-4GB-128GB-1x-SIM
1275,/mobilni-komentari/9364/Xiaomi/Redmi-Note-10-Lite-128GB
1276,/mobilni-komentari/17f/Xiaomi/Redmi-Note-13-Pro+-2x-SIM
1277,/mobilni-komentari/8tj/Xiaomi/Redmi-Note-14-Pro-5G-12GB-512GB-1x-SIM-1x-eSIM
1278,/mobilni-komentari/0gf/Samsung/Galaxy-A05-6GB-128GB-2x-SIM
1279,/mobilni-komentari/8412/Xiaomi/Redmi-Note-10-5G-128GB
1280,/mobilni-komentari/jx5/Motorola/Moto-G77-8GB-256GB-1x-SIM-1x-eSIM
1281,/mobilni-komentari/6l8/Xiaomi/Redmi-15-4G-6GB-128GB-2x-SIM
1282,/mobilni-komentari/ky05n/Samsung/Galaxy-Z-Fold4
1283,/mobilni-komentari/kwp/Huawei/Pura-70-Ultra-16GB-512GB-2x-SIM
1284,/mobilni-komentari/ngy/Xiaomi/13T-12GB
1285,/mobilni-komentari/nt8/Ulefone/Armor-27-Pro-12GB-256GB-2x-SIM
1286,/mobilni-komentari/btm/OnePlus/Open
1287,/mobilni-komentari/4qr/Samsung/Galaxy-Z-Flip7-12GB-256GB-1x-SIM-2x-eSIM
1288,/mobilni-komentari/4747/Meizu/MX4-32GB
1289,/mobilni-komentari/l5x/Motorola/Moto-G04s-4GB-64GB-2x-SIM
1290,/mobilni-komentari/8386/Xiaomi/Redmi-Note-10-Pro-Max
1291,/mobilni-komentari/7331/Alcatel/2053D
1292,/mobilni-komentari/9623/Xiaomi/Redmi-Note-11-Pro-5G-128GB
1293,/mobilni-komentari/rgg/Xiaomi/Redmi-Note-13-Pro-5G-12GB-512GB-2x-SIM
1294,/mobilni-komentari/c9y6l/Apple/iPhone-14-Plus-256GB-Red
1295,/mobilni-komentari/jy9xf/Samsung/Galaxy-A23-5G-128GB
1296,/mobilni-komentari/3dc/Xiaomi/Redmi-13C-4G
1297,/mobilni-komentari/pw4/Poco/C75-6GB-128GB-2x-SIM
1298,/mobilni-komentari/dd4/Honor/Magic6-Lite
1299,/mobilni-komentari/7032/Xiaomi/Mi-9T-64GB
1300,/mobilni-komentari/3yc/Samsung/Galaxy-S24+-12GB-256GB-1x-SIM-1x-eSIM
1301,/mobilni-komentari/mgt/Samsung/Galaxy-A54
1302,/mobilni-komentari/ykb/Poco/X5
1303,/mobilni-komentari/ljs/Poco/M5s-8GB-256GB
1304,/mobilni-komentari/35s/Nothing/Phone-(2)-12GB-256GB
1305,/mobilni-komentari/9356/Poco/C31
1306,/mobilni-komentari/7370/Samsung/Galaxy-S10-Lite-Dual-SIM
1307,/mobilni-komentari/5794/Alcatel/2051D
1308,/mobilni-komentari/j50/Xiaomi/13-Pro-Dual-SIM
1309,/mobilni-komentari/9572/Xiaomi/12-Pro-12GB-256GB
1310,/mobilni-komentari/tj4/Apple/iPhone-17-8GB-512GB-1x-SIM-2x-eSIM
1311,/mobilni-komentari/m3s/Xiaomi/Redmi-Note-15-5G-8GB-256GB-2x-SIM
1312,/mobilni-komentari/mwh/Ulefone/Armor-X13
1313,/mobilni-komentari/c7j/Samsung/Galaxy-A37-6GB-128GB-2x-SIM-2x-eSIM
1314,/mobilni-komentari/n4p/Samsung/Galaxy-S25-Edge-12GB-512GB-1x-SIM-2x-eSIM
1315,/mobilni-komentari/kcj/Samsung/Galaxy-A17-4G-8GB-256GB-1x-SIM
1316,/mobilni-komentari/tk5/Apple/iPhone-16-Pro-8GB-512GB-1x-SIM-1x-eSIM
1317,/mobilni-komentari/xrj/Samsung/Galaxy-A15-5G-8GB-256GB-2x-SIM
1318,/mobilni-komentari/9st/Apple/iPhone-Air-12GB-256GB-2x-eSIM
1319,/mobilni-komentari/8653/Poco/M3-Pro-5G-6GB-128GB
1320,/mobilni-komentari/gpz/Samsung/Galaxy-A05-4GB-64GB-1x-SIM
1321,/mobilni-komentari/xnl/Xiaomi/14-8GB-256GB-2x-SIM
1322,/mobilni-komentari/gnl/Xiaomi/13T-Pro-512GB
1323,/mobilni-komentari/2hh/Samsung/Galaxy-S22-Ultra-5G-256GB-2x-SIM-1x-eSIM
1324,/mobilni-komentari/06b/Xiaomi/15-Ultra-16GB-512GB-2x-SIM-2x-eSIM
1325,/mobilni-komentari/097cd/Meizu/M3-3GB-32GB
1326,/mobilni-komentari/27m/Nokia/105-4G-2023-2x-SIM
1327,/mobilni-komentari/rqh/Xiaomi/Redmi-Note-15-5G-8GB-512GB-2x-SIM
1328,/mobilni-komentari/60s/Xiaomi/Redmi-Note-13-Pro+-12GB-512GB
1329,/mobilni-komentari/s11/Samsung/Galaxy-A15-5G-4GB-128GB-1x-SIM
1330,/mobilni-komentari/g2f/Apple/iPhone-15-6GB-256GB-1x-SIM-1x-eSIM
1331,/mobilni-komentari/tj8/Apple/iPhone-15-Pro-8GB-128GB-1x-SIM-1x-eSIM
1332,/mobilni-komentari/2bed7/HTC/U11-Life
1333,/mobilni-komentari/7173/Apple/iPhone-11-Pro-Max-64GB
1334,/mobilni-komentari/098zq/Apple/iPhone-14-Plus-Dual-SIM
1335,/mobilni-komentari/9875/Xiaomi/Redmi-10A
1336,/mobilni-komentari/9871/Poco/X4-Pro-5G-128GB
1337,/mobilni-komentari/8y4j5/OnePlus/10T
1338,/mobilni-komentari/87h/Realme/14T-8GB-256GB-2x-SIM
1339,/mobilni-komentari/9838/Samsung/Galaxy-A33-5G-Dual-SIM
1340,/mobilni-komentari/nmf/Xiaomi/Redmi-12C-3GB-64GB-2x-SIM
1341,/mobilni-komentari/llv/Xiaomi/15T-12GB-256GB-2x-SIM-2x-eSIM
1342,/mobilni-komentari/cgn/Samsung/Galaxy-A57-8GB-128GB-2x-SIM-2x-eSIM
1343,/mobilni-komentari/rqf/Samsung/Galaxy-A16-5G-8GB-256GB-2x-SIM
1344,/mobilni-komentari/1w6/Samsung/Galaxy-S24-8GB-512GB-2x-SIM-1x-eSIM
1345,/mobilni-komentari/8145/Nokia/6300-4G-Dual-SIM
1346,/mobilni-komentari/9976/Poco/F4-8GB-256GB
1347,/mobilni-komentari/7693/Xiaomi/Redmi-Note-9
1348,/mobilni-komentari/3cz/Samsung/Galaxy-S25-Ultra-12GB-512GB-2x-SIM-2x-eSIM
1349,/mobilni-komentari/8684/Samsung/Galaxy-A22-6GB-128GB
1350,/mobilni-komentari/7954/Xiaomi/Poco-X3-NFC
1351,/mobilni-komentari/bv01r/Apple/iPhone-14-Pro-1TB
1352,/mobilni-komentari/9449/Xiaomi/Redmi-Note-11-Pro+-5G-8GB-256GB
1353,/mobilni-komentari/9802/Samsung/Galaxy-A23-6GB-128GB
1354,/mobilni-komentari/zjr/Samsung/Galaxy-A35-8GB-128GB-1x-SIM-1x-eSIM
1355,/mobilni-komentari/5812/Nokia/150
1356,/mobilni-komentari/n97/Xiaomi/Redmi-Note-12-Pro-4G
1357,/mobilni-komentari/53h/Apple/iPhone-16-Pro-8GB-128GB-2x-SIM
1358,/mobilni-komentari/9163/Samsung/Galaxy-A03s
1359,/mobilni-komentari/4843/Nokia/105
1360,/mobilni-komentari/6q7/Samsung/Galaxy-Z-Flip6-12GB-256GB-1x-SIM-1x-eSIM
1361,/mobilni-komentari/9674/Realme/C35-128GB
1362,/mobilni-komentari/nc2/Samsung/Galaxy-A25-8GB-256GB
1363,/mobilni-komentari/9660/Samsung/Galaxy-S22-Ultra-5G-12GB-512GB-Dual-SIM
1364,/mobilni-komentari/csf/Xiaomi/Redmi-Note-13-Pro+-12GB-2x-SIM
1365,/mobilni-komentari/8l56t/Samsung/Galaxy-Z-Fold4-512GB
1366,/mobilni-komentari/plw/Ulefone/Power-Armor-18T-Ultra
1367,/mobilni-komentari/6908/Huawei/P30-Pro-8GB-256GB
1368,/mobilni-komentari/m2j/Huawei/nova-9-SE-8GB
1369,/mobilni-komentari/n7m/Xiaomi/15T-Pro-12GB-1TB-2x-SIM-2x-eSIM
1370,/mobilni-komentari/6153/Meizu/M6-64GB
1371,/mobilni-komentari/9ppxm/Samsung/Galaxy-A04s
1372,/mobilni-komentari/8flb2/Poco/M5-128GB
1373,/mobilni-komentari/35x/Honor/Magic7-Pro-12GB-256GB-1x-SIM-1x-eSIM
1374,/mobilni-komentari/6058/Nokia/105-(2017)
1375,/mobilni-komentari/rmr/Apple/iPhone-16-Plus-8GB-128GB-2x-SIM
1376,/mobilni-komentari/z51/Apple/iPhone-16-Plus-8GB-256GB-2x-SIM
1377,/mobilni-komentari/rhw/Samsung/Galaxy-A34
1378,/mobilni-komentari/wnc/Huawei/Mate-X3
1379,/mobilni-komentari/95m/Poco/X6-Pro-12GB-512GB-2x-SIM
1380,/mobilni-komentari/t6z/Xiaomi/13T-Pro-2x-SIM
1381,/mobilni-komentari/9d9/Samsung/Galaxy-S23-Dual-SIM
1382,/mobilni-komentari/3ns/OnePlus/13-16GB-512GB-2x-SIM-1x-eSIM
1383,/mobilni-komentari/1sv/Tecno/Spark-8C-4GB-64GB-2x-SIM
1384,/mobilni-komentari/fc3/Nokia/C32-6GB-128GB-2x-SIM
1385,/mobilni-komentari/9653/Samsung/Galaxy-S22+-5G-Snapdragon-8-Gen-1-256GB-Dual-SIM
1386,/mobilni-komentari/wpk/Motorola/Moto-G24-4GB-256GB-2x-SIM
1387,/mobilni-komentari/dt8/Google/Pixel-10-Pro-Fold-16GB-512GB-1x-SIM-1x-eSIM
1388,/mobilni-komentari/g4n/Xiaomi/Redmi-Note-12-4G-6GB-128GB
1389,/mobilni-komentari/lw3/Poco/M7-Pro-5G-8GB-256GB-2x-SIM
1390,/mobilni-komentari/v8ftv/Apple/iPhone-14-512GB-Red
1391,/mobilni-komentari/8762/ZTE/Blade-V30-Vita
1392,/mobilni-komentari/6615/Apple/iPhone-XS-Max-256GB
1393,/mobilni-komentari/zc6/Honor/Magic-V3-16GB-512GB-2x-SIM
1394,/mobilni-komentari/8243/Samsung/Galaxy-S21-Ultra-5G-256GB-Dual-SIM
1395,/mobilni-komentari/x8p5r/Samsung/Galaxy-A04-4GB-Dual-SIM
1396,/mobilni-komentari/1lb5v/Xiaomi/Redmi-10-2022-6GB-128GB
1397,/mobilni-komentari/s1c/Apple/iPhone-16-8GB-128GB-1x-SIM-1x-eSIM
1398,/mobilni-komentari/9415/Google/Pixel-6-Pro-256GB
1399,/mobilni-komentari/082f6/ZTE/Nubia-M2-Lite
1400,/mobilni-komentari/fl8/Samsung/Galaxy-S23-Ultra-12GB-512GB
1401,/mobilni-komentari/9817/Honor/X8
1402,/mobilni-komentari/3wg/Apple/iPhone-16e-8GB-128GB-1x-SIM-2x-eSIM
1403,/mobilni-komentari/qlm/Apple/iPhone-17-Pro-Max-12GB-1TB-2x-eSIM
1404,/mobilni-komentari/8727/Alcatel/1-2021-16GB
1405,/mobilni-komentari/9846/Samsung/Galaxy-A53-5G-8GB-256GB-Dual-SIM
1406,/mobilni-komentari/4846/Nokia/105-Dual-SIM
1407,/mobilni-komentari/snd/Honor/200-12GB-256GB-2x-SIM
1408,/mobilni-komentari/9626/Wiko/Y52
1409,/mobilni-komentari/j8x/Samsung/Galaxy-A55-8GB-128GB-2x-SIM
1410,/mobilni-komentari/4ft/Motorola/Edge-60-Fusion-8GB-256GB-1x-SIM-1x-eSIM
1411,/mobilni-komentari/lhx/Ulefone/Armor-X12-Pro
1412,/mobilni-komentari/1bp/Apple/iPhone-16-8GB-256GB-2x-SIM
1413,/mobilni-komentari/6659/Google/Pixel-3-XL-128GB
1414,/mobilni-komentari/9658/Samsung/Galaxy-S22-Ultra-5G-Dual-SIM
1415,/mobilni-komentari/9806/Samsung/Galaxy-A23-6GB-128GB-Dual-SIM
1416,/mobilni-komentari/mhj/Xiaomi/14-12GB-512GB-2x-SIM
1417,/mobilni-komentari/l21/Honor/200-Pro-12GB-256GB-2x-SIM
1418,/mobilni-komentari/dpz/Samsung/Galaxy-A16-8GB-256GB-2x-SIM
1419,/mobilni-komentari/7890/Cat/S62-Pro-Dual-SIM
1420,/mobilni-komentari/w3z/Honor/400-Smart-4G-6GB-128GB-2x-SIM
1421,/mobilni-komentari/9142/Samsung/Galaxy-Z-Flip3-5G-256GB
1422,/mobilni-komentari/9476/Xiaomi/Redmi-Note-10-Pro-(India)
1423,/mobilni-komentari/fdh/Google/Pixel-9-Pro-Fold-16GB-256GB-1x-SIM-1x-eSIM
1424,/mobilni-komentari/99y/Sony/Xperia-10-VII-8GB-128GB-1x-eSIM
1425,/mobilni-komentari/y85/Samsung/Galaxy-A14
1426,/mobilni-komentari/9973/Poco/X4-GT-256GB
1427,/mobilni-komentari/vch/Samsung/Galaxy-F17-4GB-128GB-2x-SIM
1428,/mobilni-komentari/p0n1n/OnePlus/11-16GB
1429,/mobilni-komentari/6169/Google/Pixel-2-XL-128GB
1430,/mobilni-komentari/3xp/Samsung/Galaxy-A06-4GB-128GB-1x-SIM
1431,/mobilni-komentari/8000/Xiaomi/Poco-X3
1432,/mobilni-komentari/6nt/Realme/C30-3GB
1433,/mobilni-komentari/9473/Poco/M4-Pro-5G-6GB-128GB
1434,/mobilni-komentari/bk2n9/Alcatel/2057
1435,/mobilni-komentari/gwmgy/Xiaomi/12T-Pro
1436,/mobilni-komentari/9873/Honor/X7
1437,/mobilni-komentari/vtk/Motorola/Edge-70-8GB-256GB-1x-SIM-1x-eSIM
1438,/mobilni-komentari/h4v/Samsung/Galaxy-S25+-12GB-512GB-1x-SIM-2x-eSIM
1439,/mobilni-komentari/mry/Xiaomi/Redmi-Note-14-Pro+-5G-12GB-512GB-2x-SIM
1440,/mobilni-komentari/9294/Xiaomi/11T-Pro-256GB
1441,/mobilni-komentari/9gn/Samsung/Galaxy-A05-4GB-64GB-2x-SIM
1442,/mobilni-komentari/1nr/Samsung/Galaxy-S25-Ultra-12GB-256GB-1x-SIM-2x-eSIM
1443,/mobilni-komentari/d5d/Ulefone/Armor-22-256GB
1444,/mobilni-komentari/7689/Huawei/Honor-9A
1445,/mobilni-komentari/d83/Motorola/Moto-E14-2GB-64GB-2x-SIM
1446,/mobilni-komentari/219g8/Huawei/nova-10
1447,/mobilni-komentari/mb8/Oppo/A6-4G-6GB-256GB-2x-SIM
1448,/mobilni-komentari/7j9/Xiaomi/Redmi-A2+
1449,/mobilni-komentari/9lv/Samsung/Galaxy-S23+-512GB-Dual-SIM
1450,/mobilni-komentari/z08/Honor/Magic5-Pro-12GB-512GB-Dual-SIM
1451,/mobilni-komentari/blm/Honor/Magic5-Lite
1452,/mobilni-komentari/nmjb5/Samsung/Galaxy-A04-4GB-64GB-Dual-SIM
1453,/mobilni-komentari/l88/Xiaomi/Redmi-A5-4G-4GB-64GB-2x-SIM
1454,/mobilni-komentari/r6k/Xiaomi/Redmi-Note-13-Pro-5G-256GB-2x-SIM
1455,/mobilni-komentari/j1k/Xiaomi/Redmi-Note-14-5G-(India)-8GB-256GB-2x-SIM
1456,/mobilni-komentari/7k7/Xiaomi/Redmi-Note-13-(China)-6GB-128GB-2x-SIM
1457,/mobilni-komentari/8411/Xiaomi/Redmi-Note-10-5G
1458,/mobilni-komentari/w39/Samsung/Galaxy-A17-4G-6GB-128GB-2x-SIM
1459,/mobilni-komentari/68q/Apple/iPhone-15-Pro-8GB-256GB-1x-SIM-1x-eSIM
